ticker,ex_date,entry_price,exit_price,div_amount,shares,franking,gu_yield,entry_rsi,price_pnl,div_income,franking_credit,total_gu_pnl,ret_price,ret_gu,stopped_out,held_days
JBH.AX,2023-08-24,47.790000915527344,44.584748499897394,1.15,10,1.0,0.03437658739034185,65.17485810278096,-32.5525241562995,0.0,0.0,-32.5525241562995,-0.0681157638264931,-0.0681157638264931,True,15
JBH.AX,2025-02-20,99.7300033569336,94.4000015258789,1.7,5,1.0,0.024351462416777166,54.144049875887994,-27.150009155273438,8.5,3.642857142857143,-15.007152012416295,-0.054447023446100924,-0.030095561029323765,False,15
JBH.AX,2025-08-21,113.8499984741211,114.0,2.05,4,1.0,0.025723069546084477,55.60595819952255,0.100006103515625,8.2,3.514285714285714,11.814291817801339,0.0002196005815897246,0.025942670127674202,False,15
DSK.AX,2023-09-13,1.1349999904632568,0.9399999976158142,0.03,440,1.0,0.03775959754823475,50.265150212491776,-86.29999685287476,13.2,5.657142857142857,-67.4428539957319,-0.17280736399279797,-0.13504776644456323,False,15
DSK.AX,2024-03-11,0.8299999833106995,0.75,0.025,602,1.0,0.043029260761944556,22.790184667347148,-48.65998995304108,15.05,6.45,-27.15998995304108,-0.0973862044820003,-0.05435694372005576,False,15
DSK.AX,2024-09-11,1.0800000429153442,1.065000057220459,0.04,462,1.0,0.05291005080759639,68.94262636339784,-7.429993391036987,18.48,7.92,18.97000660896301,-0.014890959387116378,0.03801909142048001,False,15
DSK.AX,2025-09-09,0.8999999761581421,0.8149999976158142,0.02,555,1.0,0.03174603258701442,46.7740197799527,-47.674988090991974,11.1,4.757142857142857,-31.817845233849116,-0.0954454241320278,-0.06369939154501339,False,15
WOR.AX,2023-08-29,17.1200008392334,16.90999984741211,0.25,29,1.0,0.02086114717496996,51.862261440818,-6.590028762817383,7.25,3.107142857142857,3.7671140943254744,-0.013273502335985246,0.0075876448389847135,False,15
WOR.AX,2024-03-05,15.920000076293945,16.510000228881836,0.25,31,1.0,0.0224335964466903,55.790612358218745,17.79000473022461,7.75,3.321428571428571,28.86143330165318,0.03604718075249023,0.058480777199180524,False,15
WOR.AX,2024-09-02,14.40999984741211,14.760000228881836,0.25,34,1.0,0.024784376191856545,46.86213110800149,11.400012969970703,8.5,3.642857142857143,23.542870112827845,0.02326818200327746,0.048052558195134,False,15
WOR.AX,2025-03-04,14.25,14.34000015258789,0.25,35,1.0,0.025062656641604012,45.25645291762163,2.650005340576172,8.75,3.7500000000000004,15.150005340576172,0.005313293915942199,0.03037595055754621,False,15
WOR.AX,2025-09-02,12.90999984741211,14.229999542236328,0.25,38,1.0,0.02766404813044585,43.911535331408295,49.65998840332031,9.5,4.071428571428572,63.23141697474888,0.1012270964781879,0.12889114460863374,False,15
S32.AX,2023-09-14,3.4800000190734863,3.299999952316284,0.049824,143,1.0,0.020453201858341662,36.8549748850557,-26.240009546279907,7.124832,3.053499428571428,-16.06167811770848,-0.05272889920919015,-0.03227569735084849,False,15
S32.AX,2024-09-19,2.990000009536743,3.6700000762939453,0.045954,167,1.0,0.021956043886014142,43.2893801722548,113.06001114845276,7.674318,3.288993428571429,124.02332257702419,0.22642342897050574,0.24837947285651987,False,15
S32.AX,2025-03-06,3.6500000953674316,3.609999895095825,0.053973,136,1.0,0.021124461287589064,58.5607693131818,-5.940027236938477,7.340328,3.1458548571428575,4.546155620204381,-0.011966210881823272,0.009158250405765797,False,15
S32.AX,2025-09-18,2.609999895095825,2.740000009536743,0.039257,191,1.0,0.02148713824732532,32.47509676102371,24.330021858215332,7.498087,3.2134658571428574,35.04157471535819,0.04880548602057348,0.0702926242678988,False,15
STO.AX,2023-08-28,7.840000152587891,7.789999961853027,0.133996,63,1.0,0.024416180282811697,51.267956323949534,-3.6500120162963867,8.441748,3.6178920000000008,8.409627983703615,-0.007389884890786259,0.01702629539202544,False,15
STO.AX,2024-02-26,7.329999923706055,7.239999771118164,0.268289,68,1.0,0.052287858661561666,39.11991192040304,-6.6200103759765625,18.243652,7.818708,19.44234962402344,-0.013281459041972187,0.03900639961958949,False,15
STO.AX,2024-08-26,7.670000076293945,7.140441980434623,0.191051,65,1.0,0.035584093518272374,46.253191553498965,-34.92127623085593,0.0,0.0,-34.92127623085593,-0.07004568425131266,-0.07004568425131266,True,15
STO.AX,2025-02-24,7.019999980926514,6.65885567964051,0.163212,71,1.0,0.033213675303917466,51.60749433501259,-26.141245391306256,0.0,0.0,-26.141245391306256,-0.05244822732300583,-0.05244822732300583,True,15
STO.AX,2025-09-02,7.760000228881836,7.590000152587891,0.202909,64,1.0,0.037354380341528465,48.93457376605552,-11.3800048828125,12.986176,5.565504000000001,7.171675117187501,-0.022913991114606826,0.014440389226921637,False,15
FMG.AX,2023-09-04,21.059999465942383,19.346028760750247,1.0,23,1.0,0.06783340288691235,48.31018831448451,-39.921326219419115,0.0,0.0,-39.921326219419115,-0.0824173732024,-0.0824173732024,True,15
FMG.AX,2024-02-28,28.399999618530273,26.363202396177474,1.08,17,1.0,0.054325956464114464,51.87318492419824,-35.12555277999759,0.0,0.0,-35.12555277999759,-0.07275383854972073,-0.07275383854972073,True,15
FMG.AX,2024-09-04,18.309999465942383,16.426152163007295,0.89,27,1.0,0.06943902831856982,44.78683488027979,-51.363877179247375,0.0,0.0,-51.363877179247375,-0.10389764483566002,-0.10389764483566002,True,15
FMG.AX,2025-02-26,19.40999984741211,17.748987694841404,0.5,25,1.0,0.036799882529671854,54.9923651641299,-42.025303814267644,0.0,0.0,-42.025303814267644,-0.08660546964377391,-0.08660546964377391,True,15
FMG.AX,2025-09-01,19.709999084472656,18.205257089773596,0.6,25,1.0,0.04348771674059112,66.66995597775589,-38.1185498674765,0.0,0.0,-38.1185498674765,-0.07735880596261605,-0.07735880596261605,True,15
GNG.AX,2023-09-04,2.2899999618530273,2.1087312119751926,0.1,218,1.0,0.062383032854526954,59.28709000908913,-40.01658747336796,0.0,0.0,-40.01658747336796,-0.08015822310798236,-0.08015822310798236,True,15
GNG.AX,2024-03-04,2.3299999237060547,2.259999990463257,0.09,214,1.0,0.05518087243836696,50.40663307126062,-15.47998571395874,19.259999999999998,8.254285714285714,12.034300000326972,-0.031045658459023375,0.02413521397934359,False,15
GNG.AX,2024-09-02,1.909999966621399,1.7045969691065863,0.1,261,1.0,0.07479431693909558,46.96597023408954,-54.11018235136609,0.0,0.0,-54.11018235136609,-0.1085438271990127,-0.1085438271990127,True,15
GNG.AX,2025-03-04,2.859999895095825,2.583400923471012,0.1,174,1.0,0.04995005178220694,56.75495993669902,-48.62822106271753,0.0,0.0,-48.62822106271753,-0.09771767310985875,-0.09771767310985875,True,15
NWH.AX,2023-09-21,2.509999990463257,2.6700000762939453,0.08,199,1.0,0.04553215725894135,37.514685603111985,31.340017080307007,15.92,6.822857142857143,54.082874223164154,0.06274403331274576,0.10827619057168711,False,15
NWH.AX,2024-03-25,3.0,2.8499999046325684,0.065,166,1.0,0.030952380952380953,56.33259142067294,-25.400015830993652,10.790000000000001,4.6242857142857146,-9.985730116707938,-0.05100404785340091,-0.020051666901019956,False,15
NWH.AX,2024-09-19,3.3399999141693115,3.6500000953674316,0.09,149,1.0,0.03849444068126734,45.09913244036389,45.6900269985199,13.41,5.747142857142857,64.84716985566276,0.09180972586234297,0.13030416654361032,False,15
NWH.AX,2025-03-24,2.700000047683716,2.7100000381469727,0.07,185,1.0,0.03703703638293944,9.721047019079847,1.3499982357025146,12.950000000000001,5.550000000000001,19.849998235702515,0.0027026991228442207,0.039739735505783656,False,15
ARB.AX,2023-10-05,32.439998626708984,29.54608082864218,0.3,15,1.0,0.01321120365950234,45.84102739540448,-43.90876697100208,0.0,0.0,-43.90876697100208,-0.09023585867201704,-0.09023585867201704,True,15
ARB.AX,2025-04-02,34.0,30.37390805252148,0.34,14,1.0,0.014285714285714287,37.72212761123006,-51.265287264699296,0.0,0.0,-51.265287264699296,-0.1077001833292002,-0.1077001833292002,True,15
ARB.AX,2025-08-22,35.529998779296875,38.869998931884766,0.5,14,1.0,0.020103735964717356,65.48090402534285,46.26000213623047,7.0,3.0000000000000004,56.26000213623047,0.0929998868674038,0.11310362283212116,False,15
ARB.AX,2025-10-02,38.86000061035156,38.06999969482422,0.35,12,1.0,0.01286670077577944,50.41579579134565,-9.980010986328125,4.199999999999999,1.7999999999999998,-3.980010986328126,-0.021401635850012573,-0.008534935074233132,False,15
BHP.AX,2023-09-07,44.09000015258789,45.099998474121094,1.250651,11,1.0,0.0405226645391476,47.79866158295166,10.609981536865234,13.757161,5.895926142857143,30.263068679722377,0.021876701581776774,0.06239936612092437,False,15
BHP.AX,2024-03-07,44.040000915527344,43.59000015258789,1.096196,11,1.0,0.035558452614885334,33.06686241003558,-5.450008392333984,12.058156,5.167781142857143,11.775928750523159,-0.011250120301866617,0.024308332313018717,False,15
BHP.AX,2024-09-12,39.630001068115234,41.119998931884766,1.109986,12,1.0,0.04001247143518434,38.772818276622644,17.379974365234375,13.319831999999998,5.708499428571428,36.4083057938058,0.03654633252755917,0.0765588039627435,False,15
BHP.AX,2025-03-06,40.310001373291016,39.619998931884766,0.790935,12,1.0,0.02803044168601313,49.765389533732865,-8.780029296875,9.49122,4.067665714285715,4.778856417410715,-0.01815105639162079,0.00987938529439234,False,15
BHP.AX,2025-09-04,42.650001525878906,40.77000045776367,0.919273,11,1.0,0.03079125664415976,64.17547323886403,-21.180011749267578,10.112003,4.333715571428571,-6.734293177839008,-0.04514549928917268,-0.01435424264501292,False,15
SEK.AX,2023-09-06,23.059999465942383,21.780000686645508,0.23,21,1.0,0.014248544500475817,39.576334869363,-27.379974365234375,4.83,2.0700000000000003,-20.479974365234376,-0.05653982364709117,-0.04229127914661535,False,15
SEK.AX,2025-03-18,23.260000228881836,22.299999237060547,0.24,21,1.0,0.014740203761108253,43.033054451197245,-20.66002082824707,5.04,2.16,-13.460020828247071,-0.04229623843293088,-0.027556034671822625,False,15
SUN.AX,2023-08-14,16.49629783630371,15.682155848007056,0.317237,30,1.0,0.027472571044901844,58.23899339313774,-24.924259648899636,0.0,0.0,-24.924259648899636,-0.050363339896479384,-0.050363339896479384,True,15
SUN.AX,2024-08-22,19.880155563354492,21.2195987701416,0.516978,25,1.0,0.0371496086962904,51.287897363480155,32.986080169677734,12.924450000000002,5.539050000000001,51.44958016967774,0.06636986328312575,0.10351947197941615,False,15
SUN.AX,2025-02-17,23.839736938476562,22.413054744691067,0.74018,20,1.0,0.04435451627376771,57.63078102871498,-29.033643875709913,0.0,0.0,-29.033643875709913,-0.06089338139644182,-0.06089338139644182,True,15
SUN.AX,2025-08-19,20.31999969482422,21.280000686645508,0.49,24,1.0,0.03444881941500715,41.81121093759916,22.540023803710938,11.76,5.04,39.340023803710935,0.04621888152523814,0.0806677009402453,False,15
CSL.AX,2025-09-09,212.88999938964844,198.3699951171875,2.450832,2,1.0,0.016445998315873987,25.393724002994546,-29.540008544921875,4.901664,2.1007131428571433,-22.537631402064733,-0.06937857257178007,-0.052932574255906084,False,15
BAP.AX,2023-08-30,6.590000152587891,6.690000057220459,0.115,75,1.0,0.024929546355351658,61.59124648686481,6.999992847442627,8.625,3.6964285714285716,19.3214214188712,0.014162858240488775,0.03909240459584043,False,15
BAP.AX,2024-03-07,5.650000095367432,5.96999979019165,0.095,88,1.0,0.02402022715460856,46.12389398376959,27.65997314453125,8.36,3.5828571428571423,39.60283028738839,0.05563148165256089,0.07965170880716944,False,15
BAP.AX,2024-08-29,4.929999828338623,4.769999980926514,0.055,101,1.0,0.015937410001473896,47.64036234032464,-16.659984588623047,5.555,2.380714285714286,-8.724270302908762,-0.03345848847974534,-0.017521078478271442,False,15
BAP.AX,2025-03-13,5.170000076293945,4.960000038146973,0.08,96,1.0,0.022105553694234892,58.998648471283246,-20.660003662109375,7.68,3.2914285714285714,-9.688575090680803,-0.04162637684805909,-0.019520823153824196,False,15
BAP.AX,2025-09-04,3.9200000762939453,3.51968980459518,0.055,127,1.0,0.0200437313883197,35.85871346992471,-51.33940450574321,0.0,0.0,-51.33940450574321,-0.10312430400638295,-0.10312430400638295,True,15
ORA.AX,2023-09-01,3.279670000076294,2.9994557719469426,0.084094,152,1.0,0.03662999195391337,46.97509511104936,-43.09256267566141,0.0,0.0,-43.09256267566141,-0.08644275241319001,-0.08644275241319001,True,15
ORA.AX,2024-03-05,2.6500000953674316,2.569999933242798,0.05,188,1.0,0.026954176927555022,42.59403635858209,-15.540030479431152,9.4,4.0285714285714285,-2.1114590508597235,-0.031192352308673347,-0.004238175381118326,False,15
ORA.AX,2024-08-30,2.4000000953674316,2.5799999237060547,0.05,208,1.0,0.029761903579272973,67.94094917341542,36.939964294433594,10.4,4.457142857142857,51.79710715157645,0.07399832296989453,0.1037602265491675,False,15
ORA.AX,2025-02-28,2.2100000381469727,1.9800000190734863,0.05,226,1.0,0.03232061999802608,39.15904669978448,-52.48000431060791,11.3,4.842857142857143,-36.33714716775077,-0.10507348617456194,-0.07275286617653588,False,15
CAR.AX,2023-09-15,28.649999618530273,28.790000915527344,0.325,17,1.0,0.016205435269375124,69.88212994483263,1.8800220489501953,5.525,2.367857142857143,9.772879191807338,0.0038600186304945275,0.020065453899869648,False,15
CAR.AX,2024-03-15,35.470001220703125,35.70000076293945,0.345,14,1.0,0.013895041609682045,57.78714554020881,2.7199935913085938,4.83,2.0700000000000003,9.619993591308594,0.005477452772362523,0.01937249438204457,False,15
CAR.AX,2024-09-13,36.77000045776367,36.880001068115234,0.385,13,1.0,0.014957845883950003,53.69278299315679,0.9300079345703125,5.005,2.145,8.080007934570313,0.0019455825672941806,0.016903428451244183,False,15
CAR.AX,2025-03-14,36.709999084472656,33.98865751951792,0.385,13,1.0,0.014982294026605827,38.96845383502333,-35.877440344411546,0.0,0.0,-35.877440344411546,-0.07517851191076699,-0.07517851191076699,True,15
CAR.AX,2025-09-12,39.04999923706055,36.91999816894531,0.415,12,1.0,0.015182001394112438,46.08626693793889,-26.060012817382812,4.9799999999999995,2.134285714285714,-18.9457271030971,-0.055612491093748134,-0.0404304896996357,False,15
PNI.AX,2023-08-28,9.470000267028809,9.210000038146973,0.204,52,1.0,0.030773871511199702,37.658383896408324,-14.020011901855469,10.607999999999999,4.546285714285713,1.1342738124302434,-0.02847049692658687,0.002303374584612826,False,15
PNI.AX,2024-03-07,10.819999694824219,11.5,0.156,46,1.0,0.02059677903352874,54.738708009808555,30.780014038085938,7.176,3.0754285714285716,41.031442609514514,0.06184202946682806,0.08243880850035681,False,15
PNI.AX,2024-09-02,17.729999542236328,16.259529574849807,0.264,28,1.0,0.02127145329273298,67.4666963134799,-41.67315908682258,0.0,0.0,-41.67315908682258,-0.08394400161704331,-0.08394400161704331,True,15
PNI.AX,2025-03-06,23.43000030517578,20.521835474311686,0.33,21,1.0,0.020120724084004,39.59388161521837,-61.571461448145996,0.0,0.0,-61.571461448145996,-0.12513761487343789,-0.12513761487343789,True,15
PNI.AX,2025-09-01,21.1200008392334,18.524773787731704,0.27,23,1.0,0.01826298628728114,40.88379714023371,-60.19022218453898,0.0,0.0,-60.19022218453898,-0.1239093786907002,-0.1239093786907002,True,15
KAR.AX,2024-09-03,1.6950000524520874,1.4969736065696477,0.04496,294,1.0,0.03789296132212773,39.43412895840858,-58.71977508943726,0.0,0.0,-58.71977508943726,-0.11783310912917756,-0.11783310912917756,True,15
KAR.AX,2025-03-04,1.4149999618530273,1.559999942779541,0.05,353,1.0,0.050479557140787085,44.95848758370621,50.684993267059326,17.650000000000002,7.564285714285716,75.89927898134505,0.10147247646818418,0.15195203360897128,False,15
KAR.AX,2025-09-01,1.8200000524520874,1.6326868140883635,0.024,274,1.0,0.01883830400967358,42.44369793389614,-51.82382731166036,0.0,0.0,-51.82382731166036,-0.10392200573134396,-0.10392200573134396,True,15
TPG.AX,2023-09-12,5.590000152587891,5.510000228881836,0.09,89,1.0,0.023000254930566757,63.06167476012793,-7.619993209838867,8.01,3.4328571428571433,3.822863933018276,-0.015316260983375424,0.007683993947191337,False,15
TPG.AX,2024-03-14,4.679999828338623,4.449999809265137,0.09,106,1.0,0.02747252848021381,25.336278222495437,-24.88000202178955,9.54,4.088571428571428,-11.251430593218124,-0.05015320701173726,-0.022680678531523453,False,15
TPG.AX,2025-03-06,4.46999979019165,4.559999942779541,0.09,111,1.0,0.02876318447565656,54.15157603139578,9.49001693725586,9.99,4.281428571428571,23.76144550868443,0.01912654409313082,0.047889728568787385,False,15
TPG.AX,2025-09-04,5.269999980926514,4.903739689194753,0.09,94,1.0,0.024396855604698606,42.90354161823552,-34.92846742278553,0.0,0.0,-34.92846742278553,-0.07050843301950148,-0.07050843301950148,True,15
GNC.AX,2023-07-05,7.559999942779541,7.71999979019165,0.24,66,1.0,0.04535147426616072,51.514812600446945,10.059989929199219,15.84,6.788571428571428,32.688561357770645,0.020161916797622477,0.06551339106378319,False,15
GNC.AX,2024-07-03,8.8100004196167,8.630000114440918,0.24,56,1.0,0.03891681345368877,54.73186640460226,-10.58001708984375,13.44,5.760000000000001,8.61998291015625,-0.021444820386577516,0.01747199306711125,False,15
GNC.AX,2024-11-27,8.020000457763672,7.690000057220459,0.24,62,1.0,0.042750264749080384,22.898962562963305,-20.9600248336792,14.879999999999999,6.377142857142857,0.297118023463657,-0.04215273034616665,0.0005975344029137345,False,15
GNC.AX,2025-07-02,7.800000190734863,7.429999828338623,0.24,64,1.0,0.043956042881178596,58.293980690953404,-24.180023193359375,15.36,6.582857142857143,-2.237166050502233,-0.04843754527660406,-0.004481502395425467,False,15
GNC.AX,2025-11-26,8.100000381469727,8.289999961853027,0.24,61,1.0,0.042328040334602086,32.31864003116003,11.089974403381348,14.639999999999999,6.274285714285714,32.00426011766706,0.022444796359236425,0.0647728366938385,False,15
CWY.AX,2023-09-14,2.6500000953674316,2.468458663386154,0.0245,188,1.0,0.013207546694501962,49.426941945635086,-34.62978921248019,0.0,0.0,-34.62978921248019,-0.06950981125297756,-0.06950981125297756,True,15
CWY.AX,2024-03-01,2.5999999046325684,2.5999999046325684,0.0245,192,1.0,0.01346153895530477,48.792471957626255,-0.5,4.704000000000001,2.0160000000000005,6.220000000000001,-0.0010016026008411285,0.01245993635446364,False,15
CWY.AX,2024-09-13,2.819999933242798,2.930000066757202,0.0255,177,1.0,0.012917933436502313,42.047107858322235,18.97002363204956,4.5135,1.9343571428571427,25.417880774906703,0.038005417480311166,0.05092335091681348,False,15
CWY.AX,2025-03-05,2.619999885559082,2.569999933242798,0.028,190,1.0,0.015267176239385368,36.70525606012663,-9.999990940093994,5.32,2.2800000000000002,-2.3999909400939936,-0.02008837158877263,-0.004821195349387259,False,15
CWY.AX,2025-09-12,2.7100000381469727,2.799999952316284,0.032,184,1.0,0.0168687398785219,36.52837508389723,16.05998420715332,5.888,2.5234285714285716,24.47141277858189,0.03220757255953591,0.0490763124380578,False,15
NIC.AX,2023-08-03,0.8149999976158142,0.7900000214576721,0.02,613,1.0,0.035056967674859996,38.49615112026902,-15.824985384941101,12.26,5.2542857142857144,1.6893003293446132,-0.03167562812124865,0.003381339553611347,False,15
NIC.AX,2024-02-02,0.5600000023841858,0.6399999856948853,0.025,892,1.0,0.06377550993255902,20.893419091642045,70.85998511314392,22.3,9.557142857142859,102.71712797028678,0.1418561515283859,0.20563166146094494,False,15
NIC.AX,2024-09-03,0.8299999833106995,0.8399999737739563,0.025,602,1.0,0.043029260761944556,55.56198585215028,5.519994258880615,15.05,6.45,27.019994258880615,0.011047501040456318,0.05407676180240087,False,15
NIC.AX,2025-02-27,0.7699999809265137,0.6845180882368991,0.015,649,1.0,0.027829314232952564,45.942781757723274,-55.97774835555987,0.0,0.0,-55.97774835555987,-0.11201598811792639,-0.11201598811792639,True,15
REH.AX,2023-10-10,18.6299991607666,17.610000610351562,0.17,26,1.0,0.01303581072448903,39.49942136385838,-27.019962310791016,4.42,1.8942857142857141,-20.7056765965053,-0.05578257468923285,-0.04274676396474382,False,15
REH.AX,2025-10-07,11.470000267028809,12.010000228881836,0.1186,43,1.0,0.014771453137242188,49.90705505133195,22.719998359680176,5.0998,2.1856285714285715,30.00542693110875,0.04606556604842632,0.06083701918566852,False,15
AMC.AX,2023-09-06,74.4000015258789,72.55000305175781,0.9385,6,1.0,0.018020352933029695,52.181258501116986,-11.599990844726562,5.631,2.4132857142857143,-3.555705130440848,-0.02598564204036941,-0.007965289107339714,False,15
AMC.AX,2023-11-21,70.5999984741211,71.19999694824219,0.9865,7,1.0,0.019961554458139224,54.92261806151314,3.6999893188476562,6.9055,2.9595000000000002,13.564989318847656,0.007486825978987424,0.02744838043712665,False,15
AMC.AX,2024-02-27,69.0999984741211,70.75,0.949,7,1.0,0.019619599358197085,37.40857943288016,11.050010681152344,6.643,2.847,20.540010681152346,0.022844761060907003,0.04246436041910409,False,15
AMC.AX,2024-09-05,82.30000305175781,82.05000305175781,0.9505,6,1.0,0.01649887111186615,67.02696600731085,-2.0,5.703,2.4441428571428574,6.147142857142858,-0.004050222612066037,0.012448648499800112,False,15
AMC.AX,2024-11-20,78.1500015258789,82.30000305175781,0.9595,6,1.0,0.017539529865017108,35.51653081340841,24.400009155273438,5.757,2.467285714285714,32.62429486955915,0.05203670010420819,0.0695762299692253,False,15
AMC.AX,2025-02-25,79.94999694824219,79.6500015258789,1.02,6,1.0,0.018225677457951357,58.057517191707504,-2.2999725341796875,6.12,2.6228571428571428,6.442884608677455,-0.0047946062580186575,0.013431071199932696,False,15
AMC.AX,2025-05-21,71.05000305175781,70.9000015258789,0.9985,7,1.0,0.020076404083888087,39.425141186139406,-1.5500106811523438,6.9895000000000005,2.9955,8.434989318847656,-0.003116538885243572,0.01695986519864451,False,15
AMC.AX,2025-09-04,65.19999694824219,62.400001525878906,0.9795,7,1.0,0.021461438340196728,30.588909164148134,-20.09996795654297,6.8565000000000005,2.9385000000000003,-10.304967956542967,-0.04404024736490831,-0.02257880902471158,False,15
AMC.AX,2025-11-27,65.0,62.25,0.989,7,1.0,0.021736263736263736,60.87697177614584,-19.75,6.923,2.9669999999999996,-9.86,-0.043406593406593405,-0.02167032967032967,False,15
DRR.AX,2023-08-22,4.489999771118164,4.519999980926514,0.1685,111,1.0,0.053611202223812056,40.38337911038418,2.8300232887268066,18.703500000000002,8.015785714285716,29.549309003012524,0.005678331092096203,0.05928953331590826,False,15
DRR.AX,2024-02-22,5.139999866485596,4.920000076293945,0.1489,97,1.0,0.04138410335401939,43.769980010495615,-21.839979648590088,14.4433,6.189985714285714,-1.206693934304373,-0.04380436482790307,-0.002420261473883691,False,15
DRR.AX,2024-08-27,3.75,3.4309292560651357,0.144,133,1.0,0.054857142857142854,39.11163457446528,-42.93640894333696,0.0,0.0,-42.93640894333696,-0.08608803798162798,-0.08608803798162798,True,15
DRR.AX,2025-02-25,4.21999979019165,3.9105701493804474,0.09,118,1.0,0.030467164683339834,67.18302737946789,-37.01269761572195,0.0,0.0,-37.01269761572195,-0.07432865984397384,-0.07432865984397384,True,15
DRR.AX,2025-08-26,4.420000076293945,4.112410738052869,0.13,113,1.0,0.0420168059974339,68.94074058452573,-35.2575952212416,0.0,0.0,-35.2575952212416,-0.07059142796752026,-0.07059142796752026,True,15
PBH.AX,2023-09-06,1.5750000476837158,1.4013244160785863,1.0,317,1.0,0.9070294509973931,45.032680500392914,-55.55517521882607,0.0,0.0,-55.55517521882607,-0.11127169102573202,-0.11127169102573202,True,15
PBH.AX,2024-04-30,0.8100000023841858,0.7151296462449133,0.39,617,1.0,0.6878306858061001,48.3686426086716,-59.03500973793115,0.0,0.0,-59.03500973793115,-0.1181243563322432,-0.1181243563322432,True,15
AGL.AX,2023-08-23,10.979999542236328,11.079999923706055,0.23,45,0.8,0.028129067006703815,36.05693850851303,4.000017166137695,10.35,3.548571428571428,17.898588594709125,0.008095562300953532,0.036224629307657345,False,15
AGL.AX,2024-02-21,8.699999809265137,8.579999923706055,0.26,57,0.8,0.04013136376980544,48.92271433673113,-7.339993476867676,14.82,5.081142857142858,12.561149380275182,-0.014801358414572242,0.0253300053552332,False,15
AGL.AX,2025-02-25,10.710000038146973,10.069999694824219,0.23,46,0.8,0.028838201844729485,32.59739485572271,-29.94001579284668,10.58,3.6274285714285717,-15.73258722141811,-0.060772166780753596,-0.031933964936024115,False,15
AGL.AX,2025-08-26,8.710000038146973,8.229999542236328,0.25,57,0.8,0.03854354583742436,29.313986488074207,-27.86002826690674,14.25,4.885714285714286,-8.724313981192452,-0.05611623692245021,-0.01757269108502586,False,15
RRL.AX,2025-09-10,4.769999980926514,5.989999771118164,0.05,104,1.0,0.014974543336307796,59.12137373937777,126.37997817993164,5.2,2.2285714285714286,133.80854960850306,0.25475725424382956,0.2697317975801373,False,15
SGM.AX,2023-10-03,13.920000076293945,13.279999732971191,0.21,35,1.0,0.021551724019808472,40.88334185040669,-22.900012016296387,7.35,3.1499999999999995,-12.400012016296387,-0.04700330847862071,-0.02545158445881224,False,15
SGM.AX,2025-09-30,14.140000343322754,13.729999542236328,0.13,35,1.0,0.013133966138974279,48.65232916727682,-14.850028038024902,4.55,1.9500000000000002,-8.350028038024902,-0.03000611775603657,-0.016872151617062292,False,15
NCK.AX,2023-09-26,11.960000038146973,10.984644132781224,0.35,41,1.0,0.0418060199335474,55.21301672293593,-40.489592119995706,0.0,0.0,-40.489592119995706,-0.08257115586681679,-0.08257115586681679,True,15
NCK.AX,2024-03-04,14.5,14.600000381469727,0.35,34,1.0,0.034482758620689655,59.00487082205046,2.900012969970703,11.899999999999999,5.1,19.900012969970703,0.005882379249433475,0.04036513787012313,False,15
NCK.AX,2024-09-25,15.369999885559082,16.040000915527344,0.33,32,1.0,0.03067199576699433,55.068202903523115,20.940032958984375,10.56,4.525714285714286,36.025747244698664,0.04257488840862531,0.07324688417561964,False,15
NCK.AX,2025-03-04,17.079999923706055,15.44678730667332,0.3,29,1.0,0.02509200412680308,58.533744249668295,-47.8631658939493,0.0,0.0,-47.8631658939493,-0.09663079647045808,-0.09663079647045808,True,15
NCK.AX,2025-10-01,23.579999923706055,22.739999771118164,0.33,21,1.0,0.019992729981081245,54.520615535338315,-18.140003204345703,6.930000000000001,2.9700000000000006,-8.240003204345703,-0.036633150092972945,-0.0166404201118917,False,15
ORI.AX,2023-11-16,14.899999618530273,15.489999771118164,0.25,33,1.0,0.023969319884995104,46.10969904189239,18.97000503540039,8.25,3.535714285714286,30.755719321114675,0.03858044645326496,0.06254976633826005,False,15
ORI.AX,2024-05-23,18.309999465942383,18.469999313354492,0.19,27,1.0,0.01482406222531266,57.727093229776514,3.819995880126953,5.13,2.1985714285714284,11.14856730869838,0.00772699798035243,0.022551060205665087,False,15
ORI.AX,2024-11-22,17.56999969482422,18.510000228881836,0.28,28,1.0,0.022766078938398177,48.22127598191491,25.82001495361328,7.840000000000001,3.3600000000000008,37.020014953613284,0.052483973091480465,0.07525005202987865,False,15
ORI.AX,2025-05-22,18.09000015258789,18.780000686645508,0.25,27,1.0,0.0197425568894628,67.67129620621967,18.130014419555664,6.75,2.892857142857143,27.772871562412806,0.03711896129768904,0.056861518187151835,False,15
ORI.AX,2025-11-21,22.81999969482422,24.030000686645508,0.32,21,1.0,0.020032553166358776,67.83037684901637,24.91002082824707,6.72,2.8800000000000003,34.51002082824707,0.051980345480933735,0.0720128986472925,False,15
SUL.AX,2023-09-07,12.890000343322754,11.680354462080405,0.69,38,1.0,0.07647123812722806,55.21599012986819,-46.46654348720924,0.0,0.0,-46.46654348720924,-0.09486452625368814,-0.09486452625368814,True,15
SUL.AX,2024-03-06,16.040000915527344,15.170000076293945,0.32,31,1.0,0.028500176499386926,48.99034635516285,-27.47002601623535,9.92,4.251428571428572,-13.298597444806777,-0.055245001303812574,-0.02674482480442564,False,15
SUL.AX,2025-03-10,14.100000381469727,13.25,0.32,35,1.0,0.03242147835284005,32.881162982360806,-30.25001335144043,11.200000000000001,4.800000000000001,-14.250013351440426,-0.06129688456542802,-0.028875406212587964,False,15
A2M.AX,2025-09-18,9.140000343322754,8.392868138277317,0.086763,54,1.0,0.013560956039535896,62.31700866390031,-40.845139072453605,0.0,0.0,-40.845139072453605,-0.08275617460531932,-0.08275617460531932,True,15
BSL.AX,2023-09-12,21.440000534057617,19.653813015758317,0.25,23,1.0,0.016657782101056052,58.036694858414094,-41.58231292088391,0.0,0.0,-41.58231292088391,-0.0843249348740536,-0.0843249348740536,True,15
BSL.AX,2024-02-23,21.670000076293945,21.510000228881836,0.25,23,1.0,0.01648098088996115,35.22286007573676,-4.179996490478516,5.75,2.4642857142857144,4.034289223807199,-0.008386662538395958,0.008094318351565192,False,15
BSL.AX,2024-09-10,20.65999984741211,21.06999969482422,0.3,24,1.0,0.020744018961118812,50.362493273039014,9.339996337890625,7.199999999999999,3.0857142857142854,19.62571062360491,0.018836714276526164,0.03958073323764497,False,15
BSL.AX,2025-02-21,21.700000762939453,23.93000030517578,0.3,23,1.0,0.019749834723663616,65.50334119250975,50.78998947143555,6.8999999999999995,2.9571428571428573,60.6471323285784,0.10176314903974305,0.12151298376340666,False,15
BSL.AX,2025-09-09,22.950000762939453,22.43000030517578,0.3,21,1.0,0.018674135700400597,42.89726846091266,-11.42000961303711,6.3,2.7,-2.4200096130371094,-0.023695423245970477,-0.005021287545569879,False,15
NEC.AX,2023-09-08,2.0399999618530273,2.0399999618530273,0.05,245,1.0,0.03501400625698518,46.96963841903833,-0.5,12.25,5.25,17.0,-0.0010004001787710052,0.03401360607821417,False,15
NEC.AX,2024-03-08,1.7999999523162842,1.628637676360328,0.04,277,1.0,0.03174603258701442,39.04412892194461,-47.96735043979984,0.0,0.0,-47.96735043979984,-0.0962040748305269,-0.0962040748305269,True,15
NEC.AX,2024-09-12,1.3600000143051147,1.2170004486165749,0.045,367,1.0,0.04726890706582878,49.471169303125485,-52.98084060769414,0.0,0.0,-52.98084060769414,-0.10614850146340947,-0.10614850146340947,True,15
NEC.AX,2025-03-10,1.6799999475479126,1.590000033378601,0.035,297,1.0,0.029761905691115524,69.16083840457691,-27.229974508285522,10.395000000000001,4.455000000000001,-12.379974508285517,-0.05457346352101505,-0.02481155782989952,False,15
NEC.AX,2025-09-11,1.7000000476837158,1.461290038187348,0.53,294,1.0,0.4453781387679839,49.93459225281726,-70.68074279193216,0.0,0.0,-70.68074279193216,-0.14141804883831688,-0.14141804883831688,True,15
PPT.AX,2023-09-07,20.959999084472656,20.850000381469727,0.65,23,1.0,0.044302073908930754,20.292102319275344,-3.029970169067383,14.950000000000001,6.407142857142858,18.32717268807548,-0.006285202251526088,0.03801687165740467,False,15
PPT.AX,2024-03-13,24.200000762939453,25.139999389648438,0.65,20,1.0,0.03837071897921047,35.466949565891554,18.299972534179688,13.0,5.571428571428572,36.87140110560826,0.037809859415799625,0.07618057839501008,False,15
PPT.AX,2024-09-12,19.600000381469727,18.071961501074842,0.53,25,1.0,0.03862973685748888,24.036396472564192,-38.70097200987212,0.0,0.0,-38.70097200987212,-0.07898157399315334,-0.07898157399315334,True,15
PPT.AX,2025-03-13,19.450000762939453,20.010000228881836,0.61,25,1.0,0.04480352376587123,27.539582703779786,13.49998664855957,15.25,6.5357142857142865,35.285700934273855,0.02776346759694283,0.07256699136281407,False,15
PPT.AX,2025-09-11,20.420000076293945,19.06999969482422,0.54,24,1.0,0.037778088567401176,39.97974078049662,-32.90000915527344,12.96,5.554285714285714,-14.385723440987721,-0.0671319152635309,-0.029353826696129733,False,15
HVN.AX,2023-10-13,3.869999885559082,3.6002658008464934,0.12,129,1.0,0.04429678979274851,46.75300655203156,-35.295696927923935,0.0,0.0,-35.295696927923935,-0.07070027436585039,-0.07070027436585039,True,15
HVN.AX,2024-04-02,4.920000076293945,4.820000171661377,0.1,101,1.0,0.02903600419550235,62.30571872970981,-10.599990367889404,10.100000000000001,4.328571428571429,3.8285810606820263,-0.0213313817184183,0.007704622477084049,False,15
HVN.AX,2024-10-15,4.840000152587891,4.599999904632568,0.12,103,1.0,0.03541912521157889,50.86876223561038,-25.220025539398193,12.36,5.297142857142857,-7.562882682255337,-0.05058979528263863,-0.015170670071059739,False,15
HVN.AX,2025-04-02,5.110000133514404,4.720066919395861,0.12,97,1.0,0.033547664765063594,51.73921421247302,-38.32352176949871,0.0,0.0,-38.32352176949871,-0.07731660332111956,-0.07731660332111956,True,15
HVN.AX,2025-10-06,7.329999923706055,7.409999847412109,0.145,68,1.0,0.028259598812945895,65.26624443524912,4.939994812011719,9.86,4.225714285714286,19.025709097726004,0.009910911771586175,0.03817051058453207,False,15
BEN.AX,2023-09-04,9.430000305175781,8.855389168083832,0.32,53,1.0,0.04847750183973464,60.58858466653099,-30.954390265873315,0.0,0.0,-30.954390265873315,-0.06193479114051983,-0.06193479114051983,True,15
BEN.AX,2024-02-22,9.9399995803833,9.475384784950997,0.3,50,1.0,0.04311583970458299,61.69440135951833,-23.730739771615205,0.0,0.0,-23.730739771615205,-0.0477479693629929,-0.0477479693629929,True,15
BEN.AX,2024-09-02,12.420000076293945,11.736403082703024,0.33,40,1.0,0.03795721163709066,62.812534449702476,-27.843879743636847,0.0,0.0,-27.843879743636847,-0.05604645646657938,-0.05604645646657938,True,15
BEN.AX,2025-02-26,11.369999885559082,10.369999885559082,0.3,43,1.0,0.03769317791425422,20.296657030671426,-43.5,12.9,5.528571428571429,-25.071428571428573,-0.08897343158829775,-0.051280253674043534,False,15
BEN.AX,2025-09-02,12.989999771118164,12.600000381469727,0.33,38,1.0,0.03629165355928189,61.17567372920913,-15.319976806640625,12.540000000000001,5.3742857142857146,2.5943089076450905,-0.03103597317081217,0.005255680388469718,False,15
AMP.AX,2023-08-23,1.2100000381469727,1.2599999904632568,0.025,413,1.0,0.029515937676315745,66.73746797945395,20.149980306625366,10.325000000000001,4.425000000000001,34.899980306625366,0.040321733078599584,0.06983767075491533,False,15
AMP.AX,2024-03-01,1.0850000381469727,1.1050000190734863,0.02,460,1.0,0.026333112964884824,67.96562715794587,8.699991226196289,9.200000000000001,3.9428571428571435,21.842848369053435,0.017431358285549304,0.04376447125043413,False,15
AMP.AX,2025-08-21,1.7100000381469727,1.6649999618530273,0.02,292,1.0,0.01670843738833466,60.18464468513786,-13.640022277832031,5.84,2.502857142857143,-5.297165134974888,-0.027317195332748713,-0.010608757944414052,False,15
UNI.AX,2023-09-11,3.799999952316284,3.509999990463257,0.08,131,1.0,0.030075188347318694,63.62484690251413,-38.48999500274658,10.48,4.491428571428572,-23.51856643131801,-0.0773201998508083,-0.047245011503489615,False,15
UNI.AX,2024-03-07,4.5,5.150000095367432,0.165,111,1.0,0.05238095238095239,60.87689976695387,71.65001058578491,18.315,7.849285714285715,97.81429630007062,0.14344346463620603,0.19582441701715841,False,15
UNI.AX,2025-03-06,8.6899995803833,7.5199752665426045,0.22,57,1.0,0.036166367026665806,55.81752384826182,-67.19138588891968,0.0,0.0,-67.19138588891968,-0.13564974690289489,-0.13564974690289489,True,15
UNI.AX,2025-09-03,8.5600004196167,8.359999656677246,0.165,58,1.0,0.027536714270960348,51.24533727178484,-12.100044250488281,9.57,4.101428571428571,1.5713843209402905,-0.02437166382802201,0.0031650504429383366,False,15
FLT.AX,2023-09-20,19.860000610351562,19.110000610351562,0.18,25,1.0,0.012947776900310234,29.686197718320855,-19.25,4.5,1.9285714285714286,-12.821428571428571,-0.0387713986070401,-0.02582362170672986,False,15
FLT.AX,2024-09-18,20.700000762939453,22.350000381469727,0.3,24,1.0,0.0207039329843276,49.95971553970268,39.09999084472656,7.199999999999999,3.0857142857142854,49.385705130440854,0.07870368237443458,0.09940761535876219,False,15
FLT.AX,2025-09-17,12.279999732971191,11.899999618530273,0.29,40,1.0,0.03373662241810785,40.89098165941818,-15.700004577636719,11.6,4.9714285714285715,0.8714239937918524,-0.03196255073093158,0.0017740716871762672,False,15
ANN.AX,2023-08-18,24.239999771118164,23.90999984741211,0.4031,20,1.0,0.023756483015452568,42.72580692372567,-7.099998474121094,8.062000000000001,3.4551428571428575,4.417144383021765,-0.01464521151229693,0.009111271503155643,False,15
ANN.AX,2024-02-26,24.09000015258789,23.729999542236328,0.2521,20,1.0,0.014949890197662305,45.186263096701495,-7.70001220703125,5.042,2.160857142857143,-0.49715506417410715,-0.01598176039489163,-0.0010318701972293258,False,15
ANN.AX,2024-08-26,26.920000076293945,29.8799991607666,0.3227,18,1.0,0.01712481421595395,56.40943417786118,52.77998352050781,5.8086,2.4894000000000003,61.077983520507814,0.108923525200025,0.12604833941597895,False,15
ANN.AX,2025-02-14,34.599998474121094,35.4900016784668,0.3486,14,1.0,0.014393064218557027,54.4287621008136,11.960044860839844,4.8804,2.0916,18.932044860839845,0.024690432263179976,0.03908349648173701,False,15
ANN.AX,2025-08-29,31.40999984741211,33.970001220703125,0.4279,15,1.0,0.019461500071802088,56.20728267488022,37.900020599365234,6.4185,2.750785714285714,47.06930631365095,0.08044151710385494,0.09990301717565703,False,15
RHC.AX,2024-09-04,46.650001525878906,43.54827860763802,0.4,10,1.0,0.01224927229877096,52.37140814339389,-31.517229182408883,0.0,0.0,-31.517229182408883,-0.06756104641266694,-0.06756104641266694,True,15
RHC.AX,2025-03-06,34.06999969482422,35.02000045776367,0.4,14,1.0,0.016772191856385038,46.65976472348588,12.800010681152344,5.6000000000000005,2.4000000000000004,20.800010681152344,0.026835529363508102,0.04360772121989314,False,15
RHC.AX,2025-09-03,38.52000045776367,36.01589343820745,0.4,12,1.0,0.01483459409755538,51.30009560853928,-30.549284234674673,0.0,0.0,-30.549284234674673,-0.06608965877386927,-0.06608965877386927,True,15
CVL.AX,2023-11-29,0.9200000166893005,1.0,0.03,543,1.0,0.04658385008662064,39.09869277108474,42.93999093770981,16.29,6.981428571428571,66.21141950913838,0.08595562126422257,0.1325394713508432,False,15
CVL.AX,2024-03-26,0.9200000166893005,0.925000011920929,0.025,543,1.0,0.03881987507218387,50.95474143787891,2.214997410774231,13.575000000000001,5.817857142857143,21.607854553631377,0.004433896570167695,0.043253771642351564,False,15
CVL.AX,2024-10-14,1.184999942779541,1.2699999809265137,0.035,421,1.0,0.04219409486444344,59.963196511863046,35.28501605987549,14.735000000000001,6.315000000000001,56.335016059875485,0.07072775842868392,0.11292185329312736,False,15
CVL.AX,2025-03-25,0.925000011920929,0.8999999761581421,0.025,540,1.0,0.0386100381124521,19.17687076037913,-14.000019311904907,13.5,5.785714285714286,5.285694973809378,-0.028028066329288868,0.010581971783163231,False,15
CVL.AX,2025-10-13,1.440000057220459,1.434999942779541,0.035,347,1.0,0.03472222084248513,67.57683986889924,-2.235039710998535,12.145000000000001,5.205000000000001,15.114960289001466,-0.0044729419272054914,0.03024927891527964,False,15
NWL.AX,2023-08-22,14.680000305175781,15.119999885559082,0.13,34,1.0,0.012650836638525665,54.66810806582094,14.459985733032227,4.42,1.8942857142857141,20.774271447317943,0.028970959754027543,0.041621796392553215,False,15
ASX.AX,2023-09-07,57.38999938964844,56.380001068115234,1.121,8,1.0,0.027904314139397337,31.875079512521424,-8.579986572265625,8.968,3.8434285714285714,4.231441999162946,-0.01868789567763355,0.009216418461763786,False,15
ASX.AX,2024-03-01,64.0199966430664,67.04000091552734,1.012,7,1.0,0.02258222995191084,43.97213767280723,20.640029907226562,7.084,3.036,30.760029907226563,0.04605710489914103,0.06863933485105188,False,15
ASX.AX,2024-08-21,65.12000274658203,61.29339728098787,1.068,7,1.0,0.023429272441091324,60.47259440862638,-27.28623825915914,0.0,0.0,-27.28623825915914,-0.05985924251557762,-0.05985924251557762,True,15
ASX.AX,2025-02-21,63.20000076293945,66.7699966430664,1.112,7,1.0,0.025135623566368195,47.73522410999156,24.489971160888672,7.784000000000001,3.3360000000000003,35.60997116088867,0.05535707700101715,0.08049270056738533,False,15
ASX.AX,2025-08-22,63.68000030517578,61.2599983215332,1.121,7,1.0,0.025148061616739825,29.084251447187484,-17.440013885498047,7.8469999999999995,3.363,-6.230013885498048,-0.03912422335319385,-0.013976161736454024,False,15
CPU.AX,2023-08-22,24.350000381469727,25.260000228881836,0.4,20,1.0,0.02346729209349117,47.05841664590687,17.699996948242188,8.0,3.428571428571429,29.128568376813618,0.0363449623633514,0.059812254456842566,False,15
CPU.AX,2024-02-20,25.18000030517578,25.889999389648438,0.4,19,1.0,0.022693747597418164,55.416464466049185,12.989982604980469,7.6000000000000005,3.2571428571428576,23.847125462123326,0.027151838233236244,0.049845585830654404,False,15
CPU.AX,2024-08-20,26.459999084472656,28.43000030517578,0.42,18,1.0,0.022675737746041494,48.022278807353445,34.96002197265625,7.56,3.2399999999999998,45.760021972656254,0.0734022490599816,0.09607798680602311,False,15
CPU.AX,2025-02-18,35.220001220703125,41.06999969482422,0.45,14,1.0,0.018252615575698978,60.74003894734367,81.39997863769531,6.3,2.7,90.39997863769531,0.1650847242159957,0.1833373397916947,False,15
CPU.AX,2025-08-19,41.2599983215332,38.22085069618677,0.48,12,1.0,0.016619348366682263,53.10842074025092,-36.969771504157166,0.0,0.0,-36.969771504157166,-0.07466830870919472,-0.07466830870919472,True,15
ILU.AX,2025-03-04,4.510000228881836,4.090000152587891,0.04,110,1.0,0.012670255929681976,40.12100041756055,-46.700008392333984,4.4,1.885714285714286,-40.4142941066197,-0.09413425926691303,-0.08146400333723106,False,15
MIN.AX,2023-09-08,70.72000122070312,69.43000030517578,0.7,7,1.0,0.014140271249136407,58.772726322500375,-9.530006408691406,4.8999999999999995,2.0999999999999996,-2.530006408691407,-0.019250982232129257,-0.005110710982992851,False,15
MND.AX,2024-03-06,13.520000457763672,13.319999694824219,0.25,36,1.0,0.02641589090611109,39.239718512153345,-7.7000274658203125,9.0,3.857142857142857,5.157115391322545,-0.015820239984201987,0.010595650921909103,False,15
MND.AX,2024-09-05,12.899999618530273,12.279999732971191,0.33,38,1.0,0.03654485157901752,56.26365713819275,-24.059995651245117,12.540000000000001,5.3742857142857146,-6.145709936959402,-0.04908199992397064,-0.012537148344953118,False,15
MND.AX,2025-03-06,16.1299991607666,14.6769548994135,0.33,30,1.0,0.02922681934015464,63.112977743520986,-44.09132784059304,0.0,0.0,-44.09132784059304,-0.09111661528133135,-0.09111661528133135,True,15
EVN.AX,2024-08-29,4.269999980926514,3.869999885559082,0.05,117,1.0,0.016728002751202054,66.27514094516643,-47.3000111579895,5.8500000000000005,2.5071428571428576,-38.94286830084664,-0.09467765841844705,-0.077949655667245,False,15
EVN.AX,2025-09-03,8.390000343322754,9.380000114440918,0.13,59,1.0,0.02213519405420381,69.56338432069859,57.90998649597168,7.67,3.287142857142857,68.86712935311454,0.11698750353784336,0.13912269759204715,False,15
MQG.AX,2023-11-13,160.38999938964844,165.94000244140625,2.55,3,1.0,0.02271249552166438,36.191925805788344,16.150009155273438,7.6499999999999995,3.2785714285714285,27.078580583844865,0.03356404018690074,0.05627653570856512,False,15
MQG.AX,2024-05-13,188.0,193.74000549316406,3.85,2,1.0,0.02925531914893617,45.888311441114396,10.980010986328125,7.7,3.3000000000000003,21.980010986328125,0.029202156878532247,0.05845747602746842,False,15
MQG.AX,2024-11-11,231.50999450683594,220.03617769395,2.6,2,1.0,0.01604373807790851,51.10511439579471,-23.447633625771857,0.0,0.0,-23.447633625771857,-0.050640650905202075,-0.050640650905202075,True,15
MQG.AX,2025-05-19,195.88999938964844,213.61000061035156,3.9,2,1.0,0.02844161819790677,54.001730999572814,34.94000244140625,7.8,3.342857142857143,46.08285958426339,0.08918271108854935,0.11762432928645611,False,15
MQG.AX,2025-11-17,217.25,203.8865166447985,2.8,2,1.0,0.018411967779056387,41.22646233386744,-27.22696671040302,0.0,0.0,-27.22696671040302,-0.06266275422417265,-0.06266275422417265,True,15
WOW.AX,2023-08-31,36.220001220703125,38.22999954223633,0.58,13,1.0,0.022876074010119644,20.65535518288,25.62997817993164,7.539999999999999,3.231428571428571,36.40140675136021,0.05443226716250762,0.07730834117262726,False,15
WOW.AX,2024-02-28,35.70000076293945,34.00627916095749,0.47,14,1.0,0.01880752260727088,46.66160635983924,-24.21210242774748,0.0,0.0,-24.21210242774748,-0.04844358125312967,-0.04844358125312967,True,15
WOW.AX,2025-03-05,31.25,29.76263405011341,0.39,16,1.0,0.01782857142857143,65.5024455932115,-24.29785519818546,0.0,0.0,-24.29785519818546,-0.048595710396370916,-0.048595710396370916,True,15
WOW.AX,2025-09-02,33.119998931884766,31.48861079711136,0.45,15,1.0,0.019409938514166482,65.24151926366034,-24.97082202160109,0.0,0.0,-24.97082202160109,-0.05026333097203409,-0.05026333097203409,True,15
ORG.AX,2023-09-05,8.649999618530273,8.389179630884689,0.2,57,1.0,0.03303055471843265,61.119897450723755,-15.36673929579832,0.0,0.0,-15.36673929579832,-0.031166697035756922,-0.031166697035756922,True,15
ORG.AX,2024-09-05,9.90999984741211,9.550000190734863,0.275,50,1.0,0.03964249736691301,41.23574553261163,-18.499982833862305,13.750000000000002,5.892857142857143,1.1428743089948403,-0.0373359901487655,0.0023065072181475154,False,15
ORG.AX,2025-03-04,10.649999618530273,10.380000114440918,0.3,46,1.0,0.04024145013355151,52.042711556247184,-12.919977188110352,13.799999999999999,5.914285714285715,6.794308526175362,-0.026372683508650435,0.01386876662490107,False,15
PRU.AX,2023-09-12,1.8949999809265137,1.7156375641148,0.0248,263,1.0,0.018695816245470093,68.58387136268456,-47.67231562148068,0.0,0.0,-47.67231562148068,-0.09565359330900884,-0.09565359330900884,True,15
PRU.AX,2024-09-09,2.700000047683716,2.402413962910204,0.0375,185,1.0,0.019841269490860413,64.0621641807472,-55.55342568309966,0.0,0.0,-55.55342568309966,-0.11121806747145321,-0.11121806747145321,True,15
PRU.AX,2025-09-09,3.7799999713897705,4.300000190734863,0.05,132,1.0,0.018896447610900303,62.30614438488142,68.14002895355225,6.6000000000000005,2.8285714285714287,77.56860038212366,0.13656411229215465,0.15546055990305493,False,15
BBN.AX,2024-03-04,1.6200000047683716,1.7599999904632568,0.018,308,1.0,0.015873015826294613,43.82699122718318,42.61999559402466,5.544,2.376,50.53999559402465,0.08541765966926265,0.10129067549555726,False,15
LOV.AX,2023-09-12,22.360000610351562,19.319564810989203,0.31,22,1.0,0.019805775079099152,56.69273174126464,-67.38958758597192,0.0,0.0,-67.38958758597192,-0.13699297801769922,-0.13699297801769922,True,15
LOV.AX,2024-09-13,32.630001068115234,34.9900016784668,0.37,15,1.0,0.016198939971470854,45.08832043684342,34.90000915527344,5.55,2.3785714285714286,42.82858058384486,0.0713045418589262,0.08750348183039704,False,15
LOV.AX,2025-03-06,26.899999618530273,25.100000381469727,0.5,18,1.0,0.026553372654833537,37.48046609666713,-32.899986267089844,9.0,3.857142857142857,-20.042843409946986,-0.06794710188691773,-0.041393729232084196,False,15
ALL.AX,2024-05-23,39.959999084472656,44.93000030517578,0.36,12,1.0,0.012870013164878959,44.791522654910715,59.1400146484375,4.32,1.8514285714285716,65.31144321986608,0.12333169837212214,0.1362017115370011,False,15
ALL.AX,2025-11-25,57.400001525878906,57.400001525878906,0.49,8,1.0,0.012195121627033468,25.687205313315744,-0.5,3.92,1.68,5.1,-0.0010888501452708454,0.011106271481762624,False,15
EDV.AX,2023-08-24,6.0,5.617535772536568,0.075,83,1.0,0.01785714285714286,45.36419354929922,-32.24453087946484,0.0,0.0,-32.24453087946484,-0.064748053974829,-0.064748053974829,True,15
EDV.AX,2024-03-05,5.260000228881836,5.239999771118164,0.143,95,1.0,0.03883758657728063,38.05811898668384,-2.400043487548828,13.584999999999999,5.8221428571428575,17.00709936959403,-0.004802968547356741,0.0340346180299239,False,15
EDV.AX,2024-09-03,5.53000020980835,5.250959419047617,0.075,90,1.0,0.019374837807930274,69.45073140971336,-25.613671168465935,0.0,0.0,-25.613671168465935,-0.05146407513900461,-0.05146407513900461,True,15
EDV.AX,2025-03-07,4.420000076293945,4.099075449968779,0.125,113,1.0,0.04040077499753259,61.69485135351493,-36.764482774743826,0.0,0.0,-36.764482774743826,-0.07360846141863091,-0.07360846141863091,True,15
EDV.AX,2025-09-02,4.199999809265137,3.9475605728201306,0.063,119,1.0,0.02142857240170853,56.23912297521561,-30.540269136955725,0.0,0.0,-30.540269136955725,-0.06110498304098228,-0.06110498304098228,True,15
ELD.AX,2023-11-21,6.179999828338623,7.25,0.226484,80,1.0,0.05235413922585033,55.740482638613905,85.10001373291016,18.11872,7.765165714285714,110.98389944719587,0.17212786427331442,0.22448200349916475,False,15
ELD.AX,2024-05-28,8.210000038146973,8.4399995803833,0.177248,60,1.0,0.030841830376967853,43.418413014014774,13.299972534179688,10.634879999999999,4.557805714285714,28.4926582484654,0.02699953810877517,0.057841368485743026,False,15
ELD.AX,2024-12-17,7.559999942779541,7.159999847412109,0.18,66,1.0,0.03401360569962054,34.541324589710044,-26.90000629425049,11.879999999999999,5.091428571428572,-9.928577722821917,-0.053912150268262855,-0.019898544568642318,False,15
ELD.AX,2025-06-03,6.599999904632568,6.0585233035429225,0.18,75,1.0,0.03896103952401082,57.8915441812201,-41.110745081723444,0.0,0.0,-41.110745081723444,-0.08305201146617722,-0.08305201146617722,True,15
ELD.AX,2025-11-25,6.96999979019165,7.090000152587891,0.18,71,1.0,0.0368928070133825,43.47798263059807,8.020025730133057,12.78,5.477142857142857,26.277168587275916,0.016206328877379713,0.05309913589076223,False,15
AX1.AX,2023-09-13,2.0399999618530273,1.9199999570846558,0.055,245,1.0,0.0385154068826837,58.194928746664,-29.900001168251038,13.475,5.7749999999999995,-10.650001168251038,-0.0598239330279432,-0.021308526145259504,False,15
AX1.AX,2024-03-06,1.940000057220459,2.0199999809265137,0.085,257,1.0,0.0625920452819721,34.38703926265954,20.059980392456055,21.845000000000002,9.362142857142858,51.26712324959891,0.04023422480000262,0.10282627008197472,False,15
AX1.AX,2024-09-11,2.2200000286102295,2.3299999237060547,0.045,225,1.0,0.028957528584339073,55.625397385645826,24.24997639656067,10.125,4.339285714285714,38.714262110846384,0.0485485006687474,0.07750602925308647,False,15
AX1.AX,2025-03-05,2.049999952316284,1.8063157806563648,0.055,243,1.0,0.03832752702391584,36.75952244418379,-59.71525371336041,0.0,0.0,-59.71525371336041,-0.11987404416813831,-0.11987404416813831,True,15
AX1.AX,2025-08-27,1.5449999570846558,1.422350256824323,0.015,323,1.0,0.013869625905366471,56.52417065239306,-40.115853184087506,0.0,0.0,-40.115853184087506,-0.0803868552273537,-0.0803868552273537,True,15
TLS.AX,2023-08-30,3.9700000286102295,3.930000066757202,0.085,125,1.0,0.030586541701129337,23.614271111406495,-5.499995231628418,10.625,4.553571428571429,9.67857619694301,-0.011083113737011818,0.019503427964117515,False,15
TLS.AX,2024-02-28,3.9000000953674316,3.809999942779541,0.09,128,1.0,0.03296703216088394,40.531291383067924,-12.02001953125,11.52,4.937142857142858,4.437123325892857,-0.024078564177328156,0.008888467983555791,False,15
TLS.AX,2024-08-28,3.9600000381469727,3.9200000762939453,0.09,126,1.0,0.03246753215477033,65.89084635731473,-5.539995193481445,11.34,4.859999999999999,10.660004806518554,-0.011103084696397031,0.0213644474583733,False,15
TLS.AX,2025-02-26,3.880000114440918,4.110000133514404,0.095,128,1.0,0.034977907657572645,35.80420654632236,28.94000244140625,12.16,5.211428571428572,46.31143101283482,0.05827158824866811,0.09324949590624075,False,15
TLS.AX,2025-08-27,4.929999828338623,4.849999904632568,0.095,101,1.0,0.027528253638909463,50.487671874217305,-8.579992294311523,9.595,4.1121428571428575,5.127150562831335,-0.01723132286278139,0.010296930776128074,False,15
THL.AX,2023-09-14,3.5,3.5399999618530273,0.138075,142,1.0,0.05635714285714286,57.962558522122585,5.179994583129883,19.606650000000002,8.40285,33.189494583129886,0.010422524312132562,0.06677966716927543,False,15
THL.AX,2024-03-21,3.180000066757202,2.8838215405764345,0.041322,157,1.0,0.0185633419283622,42.53967285162638,-47.000028610380525,0.0,0.0,-47.000028610380525,-0.0941393815321013,-0.0941393815321013,True,15
THL.AX,2024-09-19,1.8350000381469727,1.6128712529818237,0.04581,272,1.0,0.03566368162528373,45.50571085773321,-60.91902956492053,0.0,0.0,-60.91902956492053,-0.12205286964758538,-0.12205286964758538,True,15
THL.AX,2025-03-20,1.6549999713897705,1.6050000190734863,0.022725,302,1.0,0.019615882945921825,48.02841804268209,-15.599985599517822,6.86295,2.9412642857142854,-5.795771313803537,-0.03121183223464333,-0.011595949288721501,False,15
NUF.AX,2023-11-22,4.400000095367432,4.739999771118164,0.05,113,1.0,0.016233765881908835,39.888842882804525,37.919963359832764,5.65,2.4214285714285717,45.99139193126133,0.07626702039006378,0.09250078627197261,False,15
RIO.AX,2023-08-10,116.87000274658203,108.79853208893482,2.6089,4,1.0,0.031890133587842324,52.61355630202833,-32.785882630588844,0.0,0.0,-32.785882630588844,-0.07013322892975567,-0.07013322892975567,True,15
RIO.AX,2024-03-07,123.12999725341797,120.38999938964844,3.9278,4,1.0,0.045570884287395676,34.25931849103202,-11.459991455078125,15.7112,6.733371428571429,10.984579973493304,-0.023268073805548645,0.022302810481847027,False,15
RIO.AX,2024-08-15,118.29000091552734,109.96084293900365,2.616988,4,1.0,0.03160498991274878,50.43616071831014,-33.816631906094756,0.0,0.0,-33.816631906094756,-0.07146976000584301,-0.07146976000584301,True,15
RIO.AX,2025-03-06,119.05999755859375,119.52999877929688,3.713178,4,1.0,0.04455350334934656,48.39818393615258,1.3800048828125,14.852712,6.365448000000001,22.5981648828125,0.0028977089516009553,0.047451212300947516,False,15
RIO.AX,2025-08-14,111.87000274658203,115.41999816894531,2.219723,4,1.0,0.02834569392410015,47.55629767319557,13.699981689453125,8.878892,3.805239428571429,26.384113118024555,0.030615851776833226,0.05896154570093338,False,15
KGN.AX,2024-04-12,7.920000076293945,6.959616970812226,0.075,63,1.0,0.013528138397820973,54.167435982040146,-61.004135645348335,0.0,0.0,-61.004135645348335,-0.12226257627403198,-0.12226257627403198,True,15
KGN.AX,2024-09-11,4.670000076293945,5.03000020980835,0.075,107,1.0,0.022942795587250698,59.964290923210896,38.02001428604126,8.025,3.439285714285715,49.484300000326975,0.07608720139467877,0.09902999698192946,False,15
KGN.AX,2025-03-13,4.960000038146973,4.739999771118164,0.07,100,1.0,0.020161290167521738,52.2760435520748,-22.50002670288086,7.000000000000001,3.0000000000000004,-12.50002670288086,-0.04536295671337684,-0.025201666545855102,False,15
KGN.AX,2025-09-11,3.930000066757202,3.5299999713897705,0.07,127,1.0,0.02544529218863702,45.815048726109055,-51.30001211166382,8.89,3.8100000000000005,-38.600012111663816,-0.10278297617810267,-0.07733768398946564,False,15
TWE.AX,2023-08-31,11.807345390319824,11.44114875793457,0.168252,42,1.0,0.020356819594441408,59.928817624248204,-15.880258560180664,7.066584000000001,3.028536000000001,-5.785138560180663,-0.03202255729725666,-0.011665737702815246,False,15
TWE.AX,2024-08-28,12.229999542236328,11.275704918700773,0.19,40,1.0,0.02219366979460566,52.69523558181389,-38.67178494142219,0.0,0.0,-38.67178494142219,-0.07905107601980912,-0.07905107601980912,True,15
TWE.AX,2025-03-05,10.899999618530273,9.881098341127997,0.2,45,1.0,0.02621232070765987,52.212040778209484,-46.350557483102456,0.0,0.0,-46.350557483102456,-0.09449655271201486,-0.09449655271201486,True,15
TWE.AX,2025-08-27,7.929999828338623,7.639999866485596,0.2,63,1.0,0.036029545006200134,56.588135435346345,-18.769997596740723,12.600000000000001,5.4,-0.7699975967407209,-0.037570804065446564,-0.00154125905924643,False,15
BPT.AX,2023-09-04,1.5299999713897705,1.625,0.02,326,1.0,0.018674136670392097,44.915953216162535,30.470009326934814,6.5200000000000005,2.7942857142857145,39.78429504122053,0.06108907714164292,0.07976321381203502,False,15
BPT.AX,2024-02-28,1.7899999618530273,1.6110967813269574,0.02,279,1.0,0.015961692279507715,67.83120261243224,-50.413987366773505,0.0,0.0,-50.413987366773505,-0.10094709445376339,-0.10094709445376339,True,15
BPT.AX,2024-08-29,1.309999942779541,1.1517968480526755,0.02,381,1.0,0.02181025177055053,36.829989677428756,-60.77537909093578,0.0,0.0,-60.77537909093578,-0.12176750965836916,-0.12176750965836916,True,15
BPT.AX,2025-02-27,1.4199999570846558,1.4149999618530273,0.03,352,1.0,0.03018108743124973,44.79747729231349,-2.259998321533203,10.559999999999999,4.525714285714286,12.825715964181082,-0.004521443641635404,0.025659643789614325,False,15
BPT.AX,2025-08-28,1.25,1.1699999570846558,0.06,400,1.0,0.06857142857142857,45.35232847068611,-32.500017166137695,24.0,10.285714285714285,1.7856971195765894,-0.06500003433227539,0.003571394239153179,False,15
TLC.AX,2023-08-29,5.139999866485596,4.857365260118743,0.06,97,1.0,0.016675931505984978,43.35315809351893,-27.915556817584697,0.0,0.0,-27.915556817584697,-0.055990127046225434,-0.055990127046225434,True,15
TLC.AX,2024-02-28,5.03000020980835,5.139999866485596,0.08,99,1.0,0.022720817001729062,56.42552734052865,10.389966011047363,7.92,3.394285714285714,21.70425172533308,0.020864641600231614,0.043585458601960676,False,15
TLC.AX,2024-08-28,4.940000057220459,4.96999979019165,0.105,101,1.0,0.030364372117922405,52.53810372286419,2.529973030090332,10.605,4.545000000000001,17.679973030090334,0.005070695876829739,0.03543506799475215,False,15
TLC.AX,2025-02-26,4.96999979019165,4.809999942779541,0.08,100,1.0,0.02299511450911093,52.55557644499382,-16.499984741210938,8.0,3.428571428571429,-5.071413312639509,-0.03319916587073875,-0.01020405136162782,False,15
TLC.AX,2025-08-27,5.409999847412109,5.900000095367432,0.085,92,1.0,0.022445207921153117,53.533400145336664,44.58002281188965,7.82,3.351428571428572,55.75145138331822,0.08956848040918523,0.11201368833033835,False,15
NAB.AX,2023-11-14,29.059999465942383,27.56268174540418,0.84,17,1.0,0.04129387550080209,55.784975196845046,-25.954401249149438,0.0,0.0,-25.954401249149438,-0.05253714773922741,-0.05253714773922741,True,15
NAB.AX,2024-05-07,33.5099983215332,34.529998779296875,0.84,14,1.0,0.0358102077023648,44.99815930319781,13.780006408691406,11.76,5.04,30.580006408691403,0.029372910216378414,0.06518311791874322,False,15
NAB.AX,2024-11-12,38.209999084472656,40.06999969482422,0.85,13,1.0,0.031779265725739365,48.58584710346448,23.680007934570312,11.049999999999999,4.735714285714285,39.4657222202846,0.04767179051386684,0.0794510562396062,False,15
NAB.AX,2025-05-12,36.0,37.369998931884766,0.85,13,1.0,0.033730158730158735,64.0701333864991,17.309986114501953,11.049999999999999,4.735714285714285,33.09570040021624,0.03698714981731187,0.07071730854747059,False,15
NAB.AX,2025-11-11,43.619998931884766,40.94943048033957,0.85,11,1.0,0.027837820816591356,50.508584626452006,-29.87625296699713,0.0,0.0,-29.87625296699713,-0.0622655447846519,-0.0622655447846519,True,15
SDF.AX,2023-08-21,5.949999809265137,5.6648111862825,0.09,84,1.0,0.021608644150075688,60.0264696488443,-24.455844330541492,0.0,0.0,-24.455844330541492,-0.04893126273410344,-0.04893126273410344,True,15
SDF.AX,2024-03-04,5.949999809265137,5.635073460088079,0.0675,84,1.0,0.01620648311255677,53.89013150176513,-26.95381333087285,0.0,0.0,-26.95381333087285,-0.05392920006985165,-0.05392920006985165,True,15
SDF.AX,2024-09-03,6.440000057220459,6.080596000803152,0.1035,77,1.0,0.022959183469473267,55.38996315864515,-28.17411234413263,0.0,0.0,-28.17411234413263,-0.056816391251514504,-0.056816391251514504,True,15
SDF.AX,2025-03-03,5.690000057220459,5.46999979019165,0.078,87,1.0,0.019583228525133587,46.51443842646736,-19.640023231506348,6.786,2.908285714285714,-9.945737517220634,-0.03967440970042219,-0.020091181175288606,False,15
SDF.AX,2025-09-03,6.130000114440918,5.724137901072371,0.117,81,1.0,0.027266370966144964,50.77571719696842,-33.37483928285229,0.0,0.0,-33.37483928285229,-0.0672161574522742,-0.0672161574522742,True,15
AZJ.AX,2023-08-28,3.690000057220459,3.569999933242798,0.08,135,1.0,0.030971737808535838,44.65760243359841,-16.700016736984253,10.8,4.628571428571429,-1.2714453084128232,-0.03352407202252088,-0.0025523342139850426,False,15
AZJ.AX,2024-08-26,3.430000066757202,3.319999933242798,0.073,145,1.0,0.030403997742282352,40.08270345955455,-16.450019359588623,10.584999999999999,4.536428571428571,-1.328590788160053,-0.03307533736689688,-0.0026713396246145268,False,15
AZJ.AX,2025-03-03,3.2799999713897705,3.066706887926062,0.092,152,1.0,0.040069686760662915,59.29285679016354,-32.9205486864837,0.0,0.0,-32.9205486864837,-0.06603126799911244,-0.06603126799911244,True,15
AZJ.AX,2025-09-01,3.259999990463257,3.1700000762939453,0.065,153,1.0,0.028483786235823746,53.500398518921955,-14.269986867904663,9.945,4.262142857142857,-0.06284401076180579,-0.028609781686614974,-0.00012599545079122756,False,15
SHL.AX,2023-09-06,32.209999084472656,31.0,0.62,15,1.0,0.027498115830163386,34.69086362279957,-18.649986267089844,9.3,3.985714285714286,-5.364271981375557,-0.03860082127122313,-0.01110270544105974,False,15
SHL.AX,2024-03-01,29.100000381469727,28.399999618530273,0.43,17,1.0,0.02110947444099962,27.157838002856437,-12.400012969970703,7.31,3.1328571428571426,-1.957155827113561,-0.025065722270911382,-0.003956247829911768,False,15
SHL.AX,2024-09-04,28.1200008392334,26.36364759218752,0.63,17,1.0,0.03200568894522606,63.064945874438784,-30.358005199779953,0.0,0.0,-30.358005199779953,-0.06350515499488317,-0.06350515499488317,True,15
SHL.AX,2025-03-05,28.100000381469727,26.096128789468473,0.44,17,1.0,0.022369089681078223,48.066493245464194,-34.56581706402131,0.0,0.0,-34.56581706402131,-0.07235883733467723,-0.07235883733467723,True,15
SHL.AX,2025-09-03,24.1200008392334,22.520000457763672,0.63,20,1.0,0.03731343153753408,24.61324308119616,-32.50000762939453,12.6,5.4,-14.50000762939453,-0.06737148942493046,-0.030058057887396367,False,15
DMP.AX,2023-08-28,50.119998931884766,45.246407146962994,0.426,9,1.0,0.01214228734119694,54.04799915656516,-44.36232606429594,0.0,0.0,-44.36232606429594,-0.09834691631131617,-0.09834691631131617,True,15
DMP.AX,2024-02-26,40.040000915527344,45.66999816894531,0.555,12,1.0,0.019801626491713596,28.083837713884378,67.05996704101562,6.66,2.8542857142857145,76.57425275530133,0.13956869278152717,0.15937031927324075,False,15
DMP.AX,2024-08-26,33.099998474121094,29.655692446480174,0.504,15,1.0,0.021752266863786257,51.66261664760255,-52.1645904146138,0.0,0.0,-52.1645904146138,-0.10506463810544316,-0.10506463810544316,True,15
DMP.AX,2025-03-03,32.08000183105469,27.976171201180073,0.555,15,1.0,0.0247149968080621,52.520206570250615,-62.057459448119225,0.0,0.0,-62.057459448119225,-0.12896395657942303,-0.12896395657942303,True,15
DMP.AX,2025-09-02,19.31999969482422,17.493129177788916,0.215,25,1.0,0.01589766366430844,55.42714915454232,-46.171762925882575,0.0,0.0,-46.171762925882575,-0.09559371357185245,-0.09559371357185245,True,15
QUB.AX,2023-09-18,3.0,2.7940295617558584,0.0435,166,1.0,0.020714285714285713,57.85980422053473,-34.69109274852751,0.0,0.0,-34.69109274852751,-0.06966082881230423,-0.06966082881230423,True,15
QUB.AX,2024-03-05,3.259999990463257,3.25,0.04,153,1.0,0.017528483837429998,47.84056597101703,-2.029998540878296,6.12,2.6228571428571428,6.712858601978847,-0.004069927717263755,0.013458556120166242,False,15
QUB.AX,2024-09-16,3.859999895095825,4.0,0.0515,129,1.0,0.019059956106450136,55.85865163215459,17.56001353263855,6.6434999999999995,2.8472142857142857,27.050727818352836,0.03526532114285134,0.05432527724930148,False,15
QUB.AX,2025-03-04,4.199999809265137,3.88584743994132,0.041,119,1.0,0.013945578864603967,59.67935648064785,-37.88413194953421,0.0,0.0,-37.88413194953421,-0.07579858677464735,-0.07579858677464735,True,15
QUB.AX,2025-09-15,4.099999904632568,4.050000190734863,0.057,121,1.0,0.019860627639665483,31.583887174536486,-6.5499653816223145,6.897,2.9558571428571434,3.302891761234829,-0.01320291379555896,0.006657713844106524,False,15
COL.AX,2023-09-01,15.949999809265137,15.75,0.3,31,1.0,0.026869682363411522,10.979914626631214,-6.699994087219238,9.299999999999999,3.9857142857142853,6.585720198495046,-0.013550397749701222,0.013319284613710297,False,15
COL.AX,2024-03-05,15.729999542236328,16.700000762939453,0.36,31,1.0,0.03269457910057882,46.393410750852,29.570037841796875,11.16,4.782857142857143,45.51289498465401,0.06064031889408745,0.09333489799466625,False,15
COL.AX,2025-03-05,19.739999771118164,18.93048489457692,0.37,25,1.0,0.026776668424524905,64.73958464269501,-20.73787191353108,0.0,0.0,-20.73787191353108,-0.04202203070715921,-0.04202203070715921,True,15
BOQ.AX,2023-10-26,5.519999980926514,5.088101653020359,0.21,90,1.0,0.05434782627474683,43.64507548515182,-39.37084951155395,0.0,0.0,-39.37084951155395,-0.0792488922053013,-0.0792488922053013,True,15
BOQ.AX,2024-05-02,6.099999904632568,5.900000095367432,0.17,81,1.0,0.039812646992454556,49.89995211452534,-16.699984550476074,13.770000000000001,5.901428571428572,2.9714440209524993,-0.03379879540895309,0.00601385158350146,False,15
BOQ.AX,2025-04-30,6.860000133514404,7.559999942779541,0.18,72,1.0,0.03748438077815632,59.70531435377294,49.899986267089844,12.959999999999999,5.554285714285714,68.41427198137556,0.10102847687054452,0.13851285764870086,False,15
BOQ.AX,2025-10-29,7.179999828338623,6.840000152587891,0.2,69,1.0,0.039793076956158795,47.28622006626866,-23.959977626800537,13.8,5.914285714285715,-4.245691912514822,-0.04836296112317258,-0.00856988416701379,False,15
QAN.AX,2025-03-11,9.520000457763672,9.020000457763672,0.264,52,1.0,0.03961584443363054,58.450369825324195,-26.5,13.728000000000002,5.883428571428572,-6.888571428571426,-0.05353102522172541,-0.013915180788094872,False,15
QAN.AX,2025-09-16,11.850000381469727,11.0,0.264,42,1.0,0.031826400422113835,61.196577441484386,-36.200016021728516,11.088000000000001,4.752000000000001,-20.360016021728512,-0.07273460891379216,-0.040908208491678325,False,15
CBA.AX,2023-08-16,101.8499984741211,100.77999877929688,2.4,4,1.0,0.033662950220294696,46.27549236648681,-4.779998779296875,9.6,4.114285714285715,8.93428693498884,-0.011732937778372714,0.021930012441921977,False,15
CBA.AX,2024-02-21,115.7300033569336,118.12000274658203,2.15,4,1.0,0.02653960496273118,57.48618004575703,9.05999755859375,8.6,3.6857142857142855,21.34571184430804,0.01957141038579895,0.04611101534853014,False,15
CBA.AX,2024-08-21,130.52999877929688,141.77000427246094,2.5,3,1.0,0.027360979122256986,50.49783435201457,33.22001647949219,7.5,3.2142857142857144,43.9343021937779,0.08483366988473241,0.1121946490069894,False,15
CBA.AX,2025-02-19,162.8300018310547,154.00993603670244,2.25,3,1.0,0.01974013190530279,63.74359989590836,-26.960197383056737,0.0,0.0,-26.960197383056737,-0.055190888410989236,-0.055190888410989236,True,15
CBA.AX,2025-08-20,178.60000610351562,168.82226772897164,2.6,2,1.0,0.02079667182168479,52.542032502241945,-20.055476749087973,0.0,0.0,-20.055476749087973,-0.056146349562451646,-0.056146349562451646,True,15
EBO.AX,2023-09-07,33.790000915527344,32.31999969482422,0.47054,14,1.0,0.019893459064427178,52.71181404343081,-21.08001708984375,6.58756,2.82324,-11.66921708984375,-0.04456097856231478,-0.0246675194978876,False,15
EBO.AX,2024-02-29,34.279998779296875,34.540000915527344,0.4683,14,1.0,0.01951575332038918,52.23934268990826,3.1400299072265625,6.5562,2.8098,12.506029907226562,0.006542819676284232,0.02605857299667341,False,15
EBO.AX,2024-08-29,34.2599983215332,32.70000076293945,0.504276,14,1.0,0.02102727148300825,65.3098669708308,-22.3399658203125,7.059863999999999,3.0256559999999997,-12.254445820312501,-0.046576530136754085,-0.025549258653745837,False,15
EBO.AX,2025-02-27,37.599998474121094,35.3346993031665,0.458905,13,1.0,0.01743560101152094,69.42220352004752,-29.94888922240969,0.0,0.0,-29.94888922240969,-0.06127023411986936,-0.06127023411986936,True,15
EBO.AX,2025-09-04,35.38999938964844,32.59012236306531,0.4919,14,1.0,0.019856295502503722,37.44502861742491,-39.698278372163756,0.0,0.0,-39.698278372163756,-0.08012408480365277,-0.08012408480365277,True,15
DOW.AX,2023-08-23,4.21999979019165,4.269999980926514,0.08,118,1.0,0.027081924162968746,46.20324103011916,5.400022506713867,9.44,4.045714285714285,18.88573679242815,0.010844290254619124,0.03792621441758787,False,15
DOW.AX,2024-03-13,4.960000038146973,4.880000114440918,0.06,100,1.0,0.017281105857875775,61.10411713302917,-8.499992370605469,6.0,2.571428571428571,0.07143620082310242,-0.01713708126054978,0.0001440245973259923,False,15
DOW.AX,2024-09-13,5.53000020980835,5.5,0.11,90,1.0,0.028416428784964396,67.72418134142308,-3.200018882751465,9.9,4.242857142857144,10.94283826010568,-0.006429613745916549,0.02198681503904785,False,15
DOW.AX,2025-02-26,5.369999885559082,5.360000133514404,0.108,93,1.0,0.028731046103113892,44.01751577618751,-1.4299769401550293,10.044,4.304571428571428,12.9185944884164,-0.0028633326738140893,0.025867713429299798,False,15
IAG.AX,2023-08-29,5.840000152587891,5.789999961853027,0.09,85,1.0,0.02201565500207298,47.458902098049776,-4.750016212463379,7.6499999999999995,3.2785714285714285,6.178555216108049,-0.009568928461633073,0.012446726540439908,False,15
IAG.AX,2024-08-29,7.440000057220459,7.869999885559082,0.17,67,1.0,0.032642088842654245,66.63510003810026,28.309988498687744,11.39,4.881428571428572,44.581417070116316,0.05679262614539768,0.08943471498805192,False,15
IAG.AX,2025-02-18,8.850000381469727,8.272060674353844,0.12,56,1.0,0.01937045921348335,54.86851690531429,-32.864623598489445,0.0,0.0,-32.864623598489445,-0.06631279697718981,-0.06631279697718981,True,15
IAG.AX,2025-08-21,8.5,8.779999732971191,0.19,58,1.0,0.0319327731092437,46.92565547276354,15.739984512329102,11.02,4.722857142857142,31.482841655186242,0.03192694627247282,0.06385971938171651,False,15
NHC.AX,2023-10-23,6.25,5.637157784167293,0.3,80,1.0,0.06857142857142857,55.56873020841534,-49.527377266616554,0.0,0.0,-49.527377266616554,-0.0990547545332331,-0.0990547545332331,True,15
NHC.AX,2024-04-15,4.679999828338623,4.519999980926514,0.17,106,1.0,0.051892553795959424,51.7548865400841,-17.459983825683594,18.02,7.722857142857143,8.28287331717355,-0.035195904826060324,0.016696648969899096,False,15
NHC.AX,2024-10-03,4.800000190734863,5.159999847412109,0.22,104,1.0,0.06547618787440053,62.83877822464248,36.939964294433594,22.88,9.805714285714286,69.62567858014788,0.07399832296989453,0.13947451084429507,False,15
NHC.AX,2025-03-24,3.7300000190734863,3.609999895095825,0.19,134,1.0,0.07276905363019086,26.134646649070362,-16.580016613006592,25.46,10.911428571428573,19.791411958421982,-0.033171974967436464,0.039597078662754394,False,15
NHC.AX,2025-09-22,4.340000152587891,3.981666001557382,0.15,115,1.0,0.04937458680915904,46.03504862659532,-41.7084273685085,0.0,0.0,-41.7084273685085,-0.08356727289541736,-0.08356727289541736,True,15
TNE.AX,2023-11-30,16.06999969482422,14.886198714128664,0.149,31,1.0,0.013245622084591532,60.14179985801625,-37.1978304015622,0.0,0.0,-37.1978304015622,-0.07466895057503264,-0.07466895057503264,True,15
TNE.AX,2025-11-27,29.260000228881836,28.399999618530273,0.3,17,1.0,0.014647007013636184,19.51683299481668,-15.120010375976562,5.1,2.1857142857142855,-7.834296090262278,-0.030396868356122823,-0.015749861342486644,False,15
IFL.AX,2023-09-07,2.5199999809265137,2.369999885559082,0.093,198,1.0,0.05272108883441184,30.927819538448063,-30.200018882751465,18.414,7.891714285714287,-3.894304597037176,-0.060525932161557425,-0.007804843327145582,False,15
IFL.AX,2024-03-08,2.4000000953674316,2.450000047683716,0.093,208,1.0,0.05535714065744773,56.15315421797214,9.89999008178711,19.344,8.290285714285716,37.534275796072826,0.019831710112974486,0.07518885077042221,False,15
AIA.AX,2024-09-18,6.900000095367432,6.800000190734863,0.059573,72,1.0,0.012333954280873648,50.09331930885643,-7.699993133544922,4.289256,1.8382525714285716,-1.5724845621163503,-0.015499180811434164,-0.0031652265305605162,False,15
AIA.AX,2025-09-17,6.760000228881836,6.75,0.061755,73,1.0,0.01305050674325512,39.37996579528696,-1.2300167083740234,4.508115,1.932049285714286,5.210147577340263,-0.0024925360029338568,0.010557970740321266,False,15
WBC.AX,2023-11-09,20.600000381469727,21.290000915527344,0.72,24,1.0,0.049930650947786245,38.19422444108509,16.060012817382812,17.28,7.405714285714287,40.7457271030971,0.03248384409381945,0.08241449504160571,False,15
WBC.AX,2024-05-09,25.959999084472656,27.06999969482422,0.9,19,1.0,0.049526746188650855,50.15383439597735,20.590011596679688,17.1,7.328571428571429,45.01858302525112,0.0417444090560873,0.09127115524473815,False,15
WBC.AX,2024-11-07,32.2400016784668,33.38999938964844,0.76,15,1.0,0.03367599966470963,57.26341235728444,16.74996566772461,11.4,4.885714285714286,33.035679953438894,0.03463599006553809,0.06831198973024771,False,15
WBC.AX,2025-05-08,32.65999984741211,31.5,0.76,15,1.0,0.0332429360314377,63.635007745002326,-17.89999771118164,11.4,4.885714285714286,-1.6142834254673541,-0.03653806449236708,-0.003295128460929383,False,15
WBC.AX,2025-11-06,39.5,37.869998931884766,0.77,12,1.0,0.027848101265822787,58.839664629232416,-20.060012817382812,9.24,3.96,-6.860012817382812,-0.04232070214637724,-0.014472600880554456,False,15
CGF.AX,2023-08-28,6.78000020980835,6.289999961853027,0.12,73,1.0,0.02528444928077918,47.5307652941994,-36.270018100738525,8.76,3.754285714285714,-23.755732386452813,-0.0732816441959756,-0.047997194915196426,False,15
CGF.AX,2024-02-20,6.599999904632568,6.75,0.13,75,1.0,0.02813852854511893,60.448143206671126,10.750007152557373,9.75,4.178571428571429,24.678578581128804,0.021717186480587465,0.0498557150257064,False,15
CGF.AX,2024-08-26,7.349999904632568,6.606820535658473,0.135,68,1.0,0.026239067395849705,65.33652765061284,-51.03619709023848,0.0,0.0,-51.03619709023848,-0.10211324080120318,-0.10211324080120318,True,15
CGF.AX,2025-02-25,6.139999866485596,5.720522538682123,0.145,81,1.0,0.03373662241810785,50.69186451153737,-34.4776635520813,0.0,0.0,-34.4776635520813,-0.06932413299111011,-0.06932413299111011,True,15
CGF.AX,2025-08-26,8.430000305175781,8.40999984741211,0.15,59,1.0,0.02541941951700155,61.688408866739024,-1.6800270080566406,8.85,3.7928571428571427,10.962830134800502,-0.003377821234167151,0.0220415982828344,False,15
EVT.AX,2023-09-13,11.989999771118164,11.079999923706055,0.2,41,1.0,0.023829382082435235,48.44490295747626,-37.809993743896484,8.200000000000001,3.514285714285715,-26.095708029610766,-0.07691367697810446,-0.053084294895669216,False,15
EVT.AX,2024-02-28,11.279999732971191,11.90999984741211,0.14,44,1.0,0.017730496873630628,30.062627360248143,27.22000503540039,6.16,2.64,36.02000503540039,0.054843660702315514,0.07257415757594614,False,15
EVT.AX,2024-09-11,10.609999656677246,10.470000267028809,0.2,47,1.0,0.02692877426574427,41.375296689393565,-7.0799713134765625,9.4,4.0285714285714285,6.348600115094866,-0.014197708991062628,0.012731065274681638,False,15
EVT.AX,2025-09-10,14.069999694824219,13.420000076293945,0.22,35,1.0,0.022337293610697605,23.07103148629342,-23.24998664855957,7.7,3.3000000000000003,-12.24998664855957,-0.04721288892851585,-0.02487559531781824,False,15
GQG.AX,2023-08-22,1.5800000429153442,1.534999966621399,0.023547,316,1.0,0.02129023450309727,51.000862594546845,-14.720024108886719,7.440852,3.188936571428571,-4.090235537458148,-0.029482502221333064,-0.008192267718235795,False,15
GQG.AX,2023-10-25,1.399999976158142,1.375,0.025877,357,1.0,0.026405102490492542,46.01078132550547,-9.424991488456726,9.238089,3.9591810000000005,3.772278511543275,-0.018857526308450133,0.007547576182042409,False,15
GQG.AX,2024-05-08,2.3499999046325684,2.4800000190734863,0.03243,212,1.0,0.019714286514328636,54.44176184331354,27.06002426147461,6.87516,2.946497142857143,36.88168140433175,0.05431558683183755,0.07402987334616619,False,15
GQG.AX,2024-08-21,2.619999885559082,2.7300000190734863,0.035047,190,1.0,0.019109597345062106,39.7599995576668,20.400025367736816,6.658930000000001,2.8538271428571433,29.91278251059396,0.04098036612857504,0.06008996347363715,False,15
GQG.AX,2024-11-12,2.6700000762939453,2.362377538568816,0.037078,187,1.0,0.019838415698509526,46.20529385294915,-58.02541455459915,0.0,0.0,-58.02541455459915,-0.11621585230337346,-0.11621585230337346,True,15
GQG.AX,2025-02-19,2.3299999237060547,2.2899999618530273,0.042194,214,1.0,0.025870019240716177,66.91337827074909,-9.059991836547852,9.029516000000001,3.869792571428572,3.8393167348807213,-0.018170133835806603,0.007699885404909577,False,15
GQG.AX,2025-05-14,2.1600000858306885,2.1600000858306885,0.041106,231,1.0,0.02718650685621321,52.900809546540216,-0.5,9.495486,4.069494,13.064979999999998,-0.0010020842955984165,0.026184422560614793,False,15
GQG.AX,2025-08-27,1.784999966621399,1.7699999809265137,0.055322,280,1.0,0.04427531095197564,34.294333482616466,-4.699995994567871,15.490160000000001,6.6386400000000005,17.42880400543213,-0.009403753666377412,0.03487155728559823,False,15
GQG.AX,2025-10-21,1.5950000286102295,1.565000057220459,0.056775,313,1.0,0.05085087235253149,34.14324778887199,-9.889991044998169,17.770575,7.615960714285715,15.496544669287548,-0.01981029148116012,0.031040580871371376,False,15
IGO.AX,2023-09-13,14.270000457763672,12.958083838006832,0.6,35,1.0,0.06006607075310386,64.39145306471943,-46.417081691489386,0.0,0.0,-46.417081691489386,-0.09293639043445344,-0.09293639043445344,True,15
IGO.AX,2024-03-12,8.300000190734863,7.199999809265137,0.11,60,1.0,0.018932873919481688,63.520385403311295,-66.5000228881836,6.6,2.8285714285714283,-57.07145145961216,-0.13353417943776344,-0.11460130551828174,False,15
IGO.AX,2024-09-11,5.409999847412109,5.070000171661377,0.26,92,1.0,0.06865593011176248,52.27427089156218,-31.779970169067383,23.92,10.251428571428573,2.3914584023611916,-0.0638511031612446,0.004804826950517892,False,15
WDS.AX,2023-08-31,38.060001373291016,37.689998626708984,1.242989,13,1.0,0.04665524191690349,55.279962130895626,-5.310035705566406,16.158856999999998,6.925224428571428,17.77404572300502,-0.010732114301241555,0.03592312761566193,False,15
WDS.AX,2024-03-07,30.280000686645508,30.25,0.9168,16,1.0,0.04325344306520817,40.906487713106685,-0.980010986328125,14.6688,6.286628571428571,19.975417585100445,-0.002022809949027558,0.04123063311618061,False,15
WDS.AX,2024-09-05,27.420000076293945,25.34168540711881,1.020106,18,1.0,0.05314712916336548,59.00224937295378,-37.90966404515244,0.0,0.0,-37.90966404515244,-0.07680862294284757,-0.07680862294284757,True,15
WDS.AX,2025-03-06,24.030000686645508,22.306778669196554,0.848638,20,1.0,0.05045110134656587,46.850126450323,-34.96444034897908,0.0,0.0,-34.96444034897908,-0.07275164242589953,-0.07275164242589953,True,15
WDS.AX,2025-08-28,26.139999389648438,24.68000030517578,0.818179,19,1.0,0.044714122805986134,51.98684349891272,-28.23998260498047,15.545401,6.662314714285714,-6.032266890694754,-0.05685978992543237,-0.012145667119446231,False,15
BGA.AX,2023-08-29,3.190000057220459,2.951247794418008,0.03,156,1.0,0.01343484078006116,45.691327407156805,-37.74535299718232,0.0,0.0,-37.74535299718232,-0.07584871055406926,-0.07584871055406926,True,15
BGA.AX,2024-02-27,3.7899999618530273,3.9700000286102295,0.04,131,1.0,0.015077271165701688,62.20658577204241,23.08000874519348,5.24,2.245714285714286,30.56572303090777,0.04648635214706754,0.06156362331276923,False,15
BGA.AX,2024-09-03,4.380000114440918,5.269999980926514,0.04,114,1.0,0.013046314075302509,52.14911468728284,100.95998477935791,4.5600000000000005,1.9542857142857146,107.47427049364363,0.2021949494141414,0.21524126348944392,False,15
BGA.AX,2025-02-25,5.889999866485596,5.463160270097042,0.06,84,1.0,0.01455251063790416,61.01435858103873,-36.35452609663852,0.0,0.0,-36.35452609663852,-0.07347911496629118,-0.07347911496629118,True,15
BGA.AX,2025-08-26,5.25,5.75,0.06,95,1.0,0.0163265306122449,50.52285846467305,47.0,5.7,2.442857142857143,55.142857142857146,0.09423558897243108,0.11056211958467599,False,15
WES.AX,2023-08-30,49.619998931884766,53.13999938964844,1.03,10,1.0,0.029653942021410695,48.824137296607304,34.70000457763672,10.3,4.414285714285715,49.41429029192243,0.06993148997296578,0.09958543199437646,False,15
WES.AX,2024-02-20,58.11000061035156,66.38999938964844,0.91,8,1.0,0.022371364418268848,57.58303638003726,65.739990234375,7.28,3.1200000000000006,76.139990234375,0.14141281522948446,0.16378417964775333,False,15
WES.AX,2024-09-03,76.16000366210938,71.7743744940041,1.07,6,1.0,0.020070527246204867,69.91728592932165,-26.81377500863161,0.0,0.0,-26.81377500863161,-0.0586786014515644,-0.0586786014515644,True,15
WES.AX,2025-02-25,78.72000122070312,73.7576282744691,0.95,6,1.0,0.017240127491079518,67.89807157023246,-30.27423767740416,0.0,0.0,-30.27423767740416,-0.0640968775574708,-0.0640968775574708,True,15
NHF.AX,2023-09-04,7.989999771118164,7.670000076293945,0.15,62,1.0,0.026819239101896243,47.34877678783501,-20.339981079101562,9.299999999999999,3.9857142857142853,-7.054266793387278,-0.04105935173354078,-0.014240112631644538,False,15
NHF.AX,2024-03-07,7.559999942779541,7.739999771118164,0.15,66,1.0,0.028344671416350452,35.72413670143062,11.379988670349121,9.9,4.242857142857144,25.522845813206263,0.022807416940200574,0.05115208835655102,False,15
NHF.AX,2024-09-05,6.25,5.800000190734863,0.14,80,1.0,0.032,30.627506859083027,-36.49998474121094,11.200000000000001,4.800000000000001,-20.499984741210934,-0.07299996948242188,-0.04099996948242187,False,15
NHF.AX,2025-09-04,7.559999942779541,7.579999923706055,0.16,66,1.0,0.030234316177440483,52.80574312937117,0.8199987411499023,10.56,4.525714285714286,15.905713026864188,0.001643415799575807,0.03187773197701629,False,15
IEL.AX,2024-03-07,18.270000457763672,19.059999465942383,0.25,27,1.0,0.019548048614913556,37.819716803939045,20.829973220825195,6.75,2.892857142857143,30.472830363682338,0.04222662672853731,0.061774675343450866,False,15
WHC.AX,2023-08-31,7.340000152587891,6.5505476799136835,0.42,68,1.0,0.08174386751047352,56.929214551720804,-54.18276814184608,0.0,0.0,-54.18276814184608,-0.10855659363572971,-0.10855659363572971,True,15
WHC.AX,2024-02-22,7.590000152587891,6.856678983648522,0.07,65,1.0,0.013175230301662635,42.00709482756762,-48.165875981058946,0.0,0.0,-48.165875981058946,-0.09763023211258036,-0.09763023211258036,True,15
WHC.AX,2024-09-04,6.989999771118164,5.985881651562323,0.13,71,1.0,0.02656856821106558,36.2741621564194,-71.7923864884647,0.0,0.0,-71.7923864884647,-0.14465814108534886,-0.14465814108534886,True,15
WHC.AX,2025-02-27,5.340000152587891,6.03000020980835,0.09,93,1.0,0.024077045860966838,28.017175414468966,63.670005321502686,8.37,3.5871428571428567,75.62714817864554,0.12820668418944756,0.1522837300504144,False,15
WHC.AX,2025-09-03,6.730000019073486,6.21999979019165,0.06,74,1.0,0.012736149401391225,52.979497962475975,-38.24001693725586,4.4399999999999995,1.9028571428571428,-31.897159794398718,-0.07678409868856645,-0.06404794928717523,False,15
APE.AX,2023-09-01,14.34000015258789,13.880000114440918,0.234761,34,1.0,0.023387228282723105,53.625738476775965,-16.14000129699707,7.9818739999999995,3.420803142857143,-4.7373241541399285,-0.03310362032417728,-0.009716392041454181,False,15
APE.AX,2024-03-14,14.430000305175781,13.880000114440918,0.489086,34,1.0,0.04841956139555151,50.52132419747552,-19.20000648498535,16.628924,7.1266817142857155,4.555599229300365,-0.039134169171517935,0.009285392224033576,False,15
APE.AX,2024-09-10,10.4399995803833,10.609999656677246,0.234761,47,1.0,0.03212383818223717,52.57055342041524,7.49000358581543,11.033767,4.728757285714286,23.252527871529715,0.015264538776519182,0.047388376958756355,False,15
APE.AX,2025-03-27,15.319999694824219,15.25,0.489086,32,1.0,0.04560667752169316,64.08605067985877,-2.739990234375,15.650752,6.707465142857143,19.618226908482143,-0.005589079407954989,0.040017598113738166,False,15
NST.AX,2023-09-05,11.170000076293945,11.489999771118164,0.155,44,1.0,0.0198235067069076,49.9478962194503,13.579986572265625,6.82,2.9228571428571426,23.32284371512277,0.027630801822069784,0.04745430852897739,False,15
NST.AX,2024-03-06,12.920000076293945,13.649999618530273,0.15,38,1.0,0.016585581503121893,47.47591591327081,27.23998260498047,5.7,2.442857142857143,35.382839747837615,0.055483099324029526,0.07206868082715143,False,15
NST.AX,2025-03-05,17.770000457763672,17.780000686645508,0.25,28,1.0,0.020098078105947503,52.359583366067646,-0.21999359130859375,7.0,3.0000000000000004,9.780006408691406,-0.00044214483809280105,0.0196559332678547,False,15
NST.AX,2025-09-02,18.059999465942383,21.200000762939453,0.3,27,1.0,0.023730423103258128,57.45405611119864,84.2800350189209,8.1,3.471428571428571,95.85146359034947,0.1728395830999362,0.19657000620319431,False,15
MPL.AX,2023-09-13,3.5999999046325684,3.4800000190734863,0.083,138,1.0,0.03293650880902745,59.09401767470846,-17.05998420715332,11.454,4.908857142857143,-0.6971270642961764,-0.03433974367771452,-0.001403234868687072,False,15
MPL.AX,2024-02-29,3.890000104904175,3.6590840868512515,0.072,128,1.0,0.02644142418594526,63.72603298384003,-30.05725031077418,0.0,0.0,-30.05725031077418,-0.06036561997951612,-0.06036561997951612,True,15
MPL.AX,2024-09-04,3.880000114440918,3.799999952316284,0.094,128,1.0,0.03460971915591398,51.858893152170296,-10.740020751953125,12.032,5.156571428571429,6.448550676618304,-0.02162536331180602,0.012984355844107962,False,15
MPL.AX,2025-03-06,4.010000228881836,4.360000133514404,0.078,124,1.0,0.027787672086902252,63.74289850047575,42.89998817443848,9.672,4.145142857142858,56.71713103158133,0.08627621616483627,0.11406388825173852,False,15
MPL.AX,2025-09-10,4.989999771118164,4.840000152587891,0.102,100,1.0,0.029201261001587965,42.76016133499704,-15.499961853027344,10.2,4.371428571428571,-0.9285332815987735,-0.03106204922641529,-0.0018607882248273266,False,15
SSM.AX,2023-09-19,0.8849999904632568,0.9300000071525574,0.01,564,1.0,0.016142050214301554,51.18123115327702,24.880009412765503,5.64,2.4171428571428573,32.93715226990836,0.04984575405872504,0.06598780427302658,False,15
SSM.AX,2024-09-18,1.3899999856948853,1.5199999809265137,0.025,359,1.0,0.02569373099412769,46.40690914428744,46.1699982881546,8.975,3.8464285714285715,58.99142685958317,0.09252319344965193,0.11821692444377961,False,15
SSM.AX,2025-03-20,1.7450000047683716,1.7649999856948853,0.025,286,1.0,0.02046663932188721,57.418349331022036,5.21999454498291,7.15,3.0642857142857145,15.434280259268625,0.010459443626583043,0.03092608294847025,False,15
SSM.AX,2025-09-17,1.940000057220459,2.319999933242798,0.03,257,1.0,0.022091310099519566,35.87047978287336,97.15996813774109,7.71,3.3042857142857143,108.1742538520268,0.19487337091740534,0.21696468101692487,False,15
BXB.AX,2024-03-13,15.1899995803833,15.350000381469727,0.2309,32,1.0,0.021715414876187857,60.171539034247424,4.620025634765625,7.3888,3.1666285714285713,15.175454206194196,0.009504661295242947,0.031220076171430806,False,15
BXB.AX,2025-09-10,26.020000457763672,24.700000762939453,0.3196,19,1.0,0.017546941604115147,68.97638923092362,-25.579994201660156,6.0724,2.6024571428571432,-16.90513705880301,-0.05174156266765931,-0.03419462106354416,False,15
IOZ.AX,2024-10-10,33.47999954223633,32.970001220703125,0.472288,14,1.0,0.020152244685845533,63.691961550288035,-7.639976501464844,6.612032,2.833728,1.8057834985351562,-0.01629965993754125,0.003852584748304282,False,15
IOZ.AX,2025-04-07,32.400001525878906,31.297668216320808,0.276963,15,1.0,0.012211771911658748,46.3026829980789,-17.03499964337147,0.0,0.0,-17.03499964337147,-0.0350514379446661,-0.0350514379446661,True,15
IOZ.AX,2025-10-10,35.86000061035156,36.13999938964844,0.457485,13,1.0,0.018225041519138802,52.85341212930292,3.139984130859375,5.947305,2.548845,11.636134130859375,0.006735561537207921,0.024960603056346724,False,15
ANZ.AX,2023-11-16,25.469999313354492,24.09598482794713,0.94,19,1.0,0.05272309301371094,54.00658929286667,-26.606275222739864,0.0,0.0,-26.606275222739864,-0.054979596098646964,-0.054979596098646964,True,15
ANZ.AX,2024-05-13,28.229999542236328,28.3799991607666,0.83,17,1.0,0.042001923660688646,43.405605683287334,2.0499935150146484,14.11,6.047142857142857,22.207136372157507,0.004271620821104638,0.046273544481793286,False,15
ANZ.AX,2024-11-13,31.260000228881836,31.829999923706055,0.83,15,1.0,0.03793071903495308,53.391144662971875,8.049995422363281,12.45,5.335714285714285,25.835709708077566,0.01716782973645173,0.0550985487714048,False,15
ANZ.AX,2025-05-13,30.360000610351562,29.06999969482422,0.83,16,1.0,0.03905514696564281,65.085872830788,-21.1400146484375,13.28,5.691428571428571,-2.1685860770089294,-0.043519462745888395,-0.004464315780245585,False,15
ANZ.AX,2025-11-13,36.83000183105469,34.749889507671234,0.83,13,1.0,0.03219424998003946,65.40389464943667,-27.54146020398489,0.0,0.0,-27.54146020398489,-0.05752304524890443,-0.05752304524890443,True,15
PLS.AX,2023-09-05,4.699999809265137,4.489999771118164,0.14,106,1.0,0.042553193216250534,42.12271205915656,-22.7600040435791,14.840000000000002,6.36,-1.5600040435790996,-0.04568447404099363,-0.0031312808247430913,False,15
QBE.AX,2023-08-17,15.880000114440918,14.934956154622295,0.14,31,1.0,0.012594458347523844,56.53583423788214,-29.79636275437731,0.0,0.0,-29.79636275437731,-0.06052726606737352,-0.06052726606737352,True,15
QBE.AX,2024-03-06,16.950000762939453,17.59000015258789,0.48,29,1.0,0.0404551182802053,64.94820914981776,18.059982299804688,13.92,5.965714285714286,37.945696585518974,0.03674088391191875,0.07719600219212405,False,15
QBE.AX,2024-08-16,16.3700008392334,15.800000190734863,0.24,30,1.0,0.02094423489798665,37.30310496527465,-17.600019454956055,7.199999999999999,3.0857142857142854,-7.31430516924177,-0.035837952662724194,-0.014893717764737547,False,15
QBE.AX,2025-03-05,21.059999465942383,20.739999771118164,0.63,23,1.0,0.04273504381875478,65.02323015008038,-7.859992980957031,14.49,6.21,12.840007019042968,-0.016226915191125783,0.026508128627628993,False,15
QBE.AX,2025-08-19,21.389999389648438,21.649999618530273,0.31,23,1.0,0.020703934338187072,34.65712601473203,5.480005264282227,7.13,3.0557142857142856,15.665719549996512,0.011138901601014462,0.031842835939201536,False,15
ING.AX,2024-03-14,3.630000114440918,3.5399999618530273,0.12,137,1.0,0.04722550028210518,32.98796597517071,-12.830020904541016,16.439999999999998,7.045714285714285,10.655693381173268,-0.025798838752601704,0.02142666152950348,False,15
ING.AX,2024-09-20,2.950000047683716,2.890000104904175,0.08,169,1.0,0.03874091947064519,26.85306448987484,-10.639990329742432,13.52,5.7942857142857145,8.674295384543282,-0.021341871743572226,0.017399047727072955,False,15
ING.AX,2025-03-13,3.390000104904175,3.1104153187897445,0.11,147,1.0,0.0463548236814285,60.22818841315849,-41.598963558821254,0.0,0.0,-41.598963558821254,-0.08347673684412678,-0.08347673684412678,True,15
ING.AX,2025-09-17,2.6600000858306885,2.549999952316284,0.08,187,1.0,0.04296455285640494,19.991373890918453,-21.070024967193604,14.96,6.411428571428573,0.30140360423497015,-0.04235861904893937,0.000605933807465577,False,15
VNT.AX,2023-08-30,2.759999990463257,2.6700000762939453,0.0831,181,1.0,0.043012422508871065,34.64151672602537,-16.789984464645386,15.041099999999998,6.446185714285714,4.697301249640327,-0.033609545445312916,0.009402877063558147,False,15
VNT.AX,2024-08-29,4.46999979019165,4.156228197283785,0.0935,111,1.0,0.029881752760820984,69.0521816189222,-35.32864681277302,0.0,0.0,-35.32864681277302,-0.07120270969827575,-0.07120270969827575,True,15
VNT.AX,2025-02-27,3.859999895095825,4.070000171661377,0.1063,129,1.0,0.0393412297886534,54.57720954148699,26.590035676956177,13.7127,5.8768714285714285,46.1796071055276,0.053400081133470244,0.09274131092212363,False,15
VNT.AX,2025-08-28,5.429999828338623,5.039999961853027,0.1071,92,1.0,0.028176796470878025,61.60266165515487,-36.379987716674805,9.8532,4.222799999999999,-22.303987716674804,-0.07282406290890797,-0.044647266438029944,False,15
PMV.AX,2023-06-20,21.1200008392334,20.260000228881836,0.7,23,1.0,0.04734848296702518,15.724686686899872,-20.280014038085938,16.099999999999998,6.8999999999999995,2.71998596191406,-0.04174903909797146,0.005599443869053715,False,15
PMV.AX,2024-06-18,28.68000030517578,31.149999618530273,0.63,17,1.0,0.03138075280416158,41.53150915628565,41.48998832702637,10.71,4.590000000000001,56.78998832702637,0.08509719395672968,0.11647794676089127,False,15
PMV.AX,2024-12-10,34.689998626708984,31.990490126809885,0.7,14,1.0,0.02882675236631652,59.99413322717299,-38.293118998587396,0.0,0.0,-38.293118998587396,-0.07884758990758352,-0.07884758990758352,True,15
PMV.AX,2025-12-11,17.84000015258789,16.236674847962277,0.5,28,1.0,0.04003843655696938,49.67820444390603,-45.39310852951718,0.0,0.0,-45.39310852951718,-0.09087345479913496,-0.09087345479913496,True,15
GWA.AX,2023-08-18,1.8799999952316284,1.9800000190734863,0.07,265,1.0,0.05319148949661531,52.30543098195788,26.000006318092346,18.55,7.950000000000001,52.500006318092346,0.05218788916908456,0.10537937866569987,False,15
GWA.AX,2024-02-23,2.299999952316284,2.6700000762939453,0.07,217,1.0,0.04347826177095873,53.943443696126224,79.79002690315247,15.190000000000001,6.510000000000001,101.49002690315247,0.1598678191892674,0.20334608096022613,False,15
GWA.AX,2024-08-22,2.4100000858306885,2.4100000858306885,0.08,207,1.0,0.04742145652095354,42.004221126562236,-0.5,16.56,7.097142857142856,23.157142857142855,-0.0010022650834742596,0.046419191437479274,False,15
GWA.AX,2025-02-21,2.5,2.327586096704401,0.075,200,1.0,0.04285714285714286,54.95251908522338,-34.98278065911978,0.0,0.0,-34.98278065911978,-0.06996556131823957,-0.06996556131823957,True,15
GWA.AX,2025-08-21,2.6500000953674316,2.559999942779541,0.08,188,1.0,0.043126683084088034,64.80647401648922,-17.420028686523438,15.040000000000001,6.445714285714287,4.06568559919085,-0.034965933479760174,0.008160749604327862,False,15
AUB.AX,2023-09-07,30.25,30.309999465942383,0.47,16,1.0,0.02219598583234947,66.50530165902919,0.459991455078125,7.52,3.222857142857143,11.202848597935267,0.0009503955683432335,0.023146381400692702,False,15
AUB.AX,2024-09-06,31.75,30.239999771118164,0.59,15,1.0,0.026546681664791898,46.17619609863951,-23.15000343322754,8.85,3.7928571428571427,-10.507146290370397,-0.04860893109339116,-0.02206224942859926,False,15
AUB.AX,2025-03-06,29.5,29.010000228881836,0.25,16,1.0,0.012106537530266344,50.065499833462574,-8.339996337890625,4.0,1.7142857142857144,-2.6257106236049106,-0.017669483766717425,-0.005562946236451082,False,15
AUB.AX,2025-09-08,33.400001525878906,32.869998931884766,0.66,14,1.0,0.028229254484512543,48.54676653833324,-7.920036315917969,9.24,3.96,5.279963684082031,-0.016937630355199206,0.011291624129313336,False,15
IRE.AX,2025-03-10,8.25,8.239999771118164,0.1,60,1.0,0.01731601731601732,37.25889586542979,-1.1000137329101562,6.0,2.571428571428571,7.471414838518415,-0.002222249965475063,0.015093767350542252,False,15
IRE.AX,2025-08-22,8.800000190734863,8.460000038146973,0.11,56,1.0,0.017857142470099716,62.54656427151884,-19.540008544921875,6.16,2.64,-10.740008544921874,-0.039650990506094975,-0.02179384803599526,False,15
VEA.AX,2023-09-05,3.069999933242798,2.9000000953674316,0.085,162,1.0,0.03955328145571265,45.20347382233875,-28.039973735809326,13.770000000000001,5.901428571428572,-8.368545164380752,-0.05637988970430499,-0.016826608248592338,False,15
VEA.AX,2024-03-07,3.490000009536743,3.509999990463257,0.071,143,1.0,0.02906262783707983,45.475973730601446,2.359997272491455,10.152999999999999,4.351285714285714,16.86428298677717,0.0047287900816369395,0.033791417918716773,False,15
VEA.AX,2024-09-09,2.890000104904175,2.880000114440918,0.067,173,1.0,0.033119128802751155,31.858930343300017,-2.2299983501434326,11.591000000000001,4.9675714285714285,14.328573078427997,-0.004460264154242605,0.02865886464850855,False,15
VEA.AX,2025-03-07,1.7699999809265137,1.7549999952316284,0.0387,282,1.0,0.0312348671646735,13.408898877179283,-4.729995965957642,10.9134,4.6771714285714285,10.860575462613786,-0.009476291254814258,0.021758575909859242,False,15
VEA.AX,2025-09-05,2.0799999237060547,2.0399999618530273,0.0283,240,1.0,0.01943681389975127,47.51640363145644,-10.099990844726562,6.792,2.910857142857143,-0.39713370186941965,-0.020232354197099425,-0.0007955402973481521,False,15
APA.AX,2023-06-29,10.0600004196167,9.729999542236328,0.29,49,1.0,0.041181480815633914,47.054052818037405,-16.670042991638184,14.209999999999999,6.09,3.6299570083618153,-0.0338175889485685,0.007363891867065419,False,15
APA.AX,2024-06-27,8.40999984741211,7.960410096082382,0.295,59,1.0,0.050110413683093186,46.680477367360204,-27.02579532845394,0.0,0.0,-27.02579532845394,-0.05446662733791462,-0.05446662733791462,True,15
APA.AX,2024-12-30,7.179999828338623,6.849999904632568,0.27,69,1.0,0.05372065389081437,48.30966920399187,-23.269994735717773,18.630000000000003,7.984285714285716,3.344290978567945,-0.0469702379638753,0.006750415926939078,False,15
APA.AX,2025-06-27,8.479999542236328,8.34000015258789,0.3,58,1.0,0.050539086286130463,64.0712448981623,-8.619964599609375,17.4,7.457142857142857,16.23717825753348,-0.017525953694145616,0.03301313259198484,False,15
APA.AX,2025-12-30,9.140000343322754,8.6834973941045,0.275,54,1.0,0.04298218031732849,46.0544193497658,-25.15115925778575,0.0,0.0,-25.15115925778575,-0.050958664221252184,-0.050958664221252184,True,15
ACF.AX,2023-10-26,0.875,0.8849999904632568,0.027,571,1.0,0.04408163265306123,53.176166816061155,5.209994554519653,15.417,6.607285714285714,27.23428026880537,0.010427809966514193,0.054509442619575424,False,15
ACF.AX,2024-04-29,1.149999976158142,1.1699999570846558,0.0285,434,1.0,0.03540372744206639,47.046741528986026,8.179991722106934,12.369,5.301,25.849991722106935,0.016389484856130912,0.051793212298197305,False,15
ACF.AX,2024-10-30,1.0800000429153442,1.1050000190734863,0.03,462,1.0,0.039682538105697295,55.84540362186988,11.049988985061646,13.86,5.9399999999999995,30.849988985061643,0.022146040856931518,0.061828578962628805,False,15
ACF.AX,2025-04-29,1.0499999523162842,1.034999966621399,0.029,476,1.0,0.039455784104733174,47.84579097868337,-7.639993190765381,13.804,5.9159999999999995,12.080006809234618,-0.015286101516048192,0.024169682588684974,False,15
ACF.AX,2025-10-30,1.1449999809265137,1.100000023841858,0.0295,436,1.0,0.036805989384170894,62.8236821969373,-20.119981288909912,12.862,5.5122857142857145,-1.7456955746241976,-0.0403028356717878,-0.0034968462876169048,False,15
ALQ.AX,2023-06-09,11.550000190734863,11.199999809265137,0.194,43,1.0,0.023995052170230662,26.88114448099047,-15.550016403198242,8.342,3.5751428571428576,-3.632873546055384,-0.03130980800645877,-0.007314755836228106,False,15
ALQ.AX,2023-11-23,11.59000015258789,12.300000190734863,0.196,43,1.0,0.02415875723155015,65.31252684634461,30.030001640319824,8.428,3.612,42.07000164031982,0.06025643847936373,0.08441519571091387,False,15
ALQ.AX,2024-06-12,14.109999656677246,14.34000015258789,0.196,35,1.0,0.01984408269404147,58.283881573877814,7.550017356872559,6.86,2.94,17.35001735687256,0.015288078446043617,0.035132161140085084,False,15
ALQ.AX,2024-11-27,14.65999984741211,15.6899995803833,0.189,34,1.0,0.01841746267464405,53.549562131018966,34.51999092102051,6.426,2.754,43.69999092102051,0.06925606147243428,0.08767352414707832,False,15
ALQ.AX,2025-07-03,16.899999618530273,17.780000686645508,0.197,29,1.0,0.01665257856692462,52.81456887517351,25.020030975341797,5.713,2.4484285714285714,33.18145954677037,0.05105087031238172,0.06770344887930634,False,15
ALQ.AX,2025-11-26,21.489999771118164,22.0,0.194,23,1.0,0.012896363894583554,48.903247980253035,11.230005264282227,4.462,1.9122857142857141,17.604290978567942,0.022720386395874224,0.03561675029045778,False,15
